/****** Object:  Table [dbo].[TrinhDo] ******/
INSERT [dbo].[TrinhDo] ([MaTrinhDo], [TenTrinhDo], [HeSoLuong]) VALUES (N'CN', N'Cử nhân', 50000)
INSERT [dbo].[TrinhDo] ([MaTrinhDo], [TenTrinhDo], [HeSoLuong]) VALUES (N'GS', N'Giáo sư', 150000)
INSERT [dbo].[TrinhDo] ([MaTrinhDo], [TenTrinhDo], [HeSoLuong]) VALUES (N'PhGS', N'Phó giáo sư', 120000)
INSERT [dbo].[TrinhDo] ([MaTrinhDo], [TenTrinhDo], [HeSoLuong]) VALUES (N'ThS', N'Thạc sĩ', 70000)
INSERT [dbo].[TrinhDo] ([MaTrinhDo], [TenTrinhDo], [HeSoLuong]) VALUES (N'TS', N'Tiến sĩ', 100000)
GO
/****** Object:  Table [dbo].[PhongHoc] ******/
INSERT [dbo].[PhongHoc] ([MaPhong], [ChucNang], [SucChua], [DiaChi]) VALUES (N'A101', N'Học nhóm', 10, N'18 Ung Văn Khiêm, Đông Xuyên')
INSERT [dbo].[PhongHoc] ([MaPhong], [ChucNang], [SucChua], [DiaChi]) VALUES (N'B303', N'Lý thuyết', 50, N'05 Nguyễn Huệ, Mỹ Long')
INSERT [dbo].[PhongHoc] ([MaPhong], [ChucNang], [SucChua], [DiaChi]) VALUES (N'C505', N'Lý thuyết', 32, N'05 Nguyễn Huệ, Mỹ Long')
INSERT [dbo].[PhongHoc] ([MaPhong], [ChucNang], [SucChua], [DiaChi]) VALUES (N'D201', N'Lý thuyết', 45, N'18 Ung Văn Khiêm, Đông Xuyên')
INSERT [dbo].[PhongHoc] ([MaPhong], [ChucNang], [SucChua], [DiaChi]) VALUES (N'D202', N'Báo cáo', 5, N'18 Ung Văn Khiêm, Đông Xuyên')
INSERT [dbo].[PhongHoc] ([MaPhong], [ChucNang], [SucChua], [DiaChi]) VALUES (N'HT150A', N'Hội trường', 150, N'18 Ung Văn Khiêm, Đông Xuyên')
INSERT [dbo].[PhongHoc] ([MaPhong], [ChucNang], [SucChua], [DiaChi]) VALUES (N'HT180B', N'Hội trường', 180, N'26 Võ Thị Sáu, Đông Xuyên')
INSERT [dbo].[PhongHoc] ([MaPhong], [ChucNang], [SucChua], [DiaChi]) VALUES (N'HT600', N'Hội trường', 600, N'18 Ung Văn Khiêm, Đông Xuyên')
INSERT [dbo].[PhongHoc] ([MaPhong], [ChucNang], [SucChua], [DiaChi]) VALUES (N'K101', N'Lý thuyết', 25, N'26 Võ Thị Sáu, Đông Xuyên')
INSERT [dbo].[PhongHoc] ([MaPhong], [ChucNang], [SucChua], [DiaChi]) VALUES (N'NMT', N'Phòng máy tính', 32, N'18 Ung Văn Khiêm, Đông Xuyên')
INSERT [dbo].[PhongHoc] ([MaPhong], [ChucNang], [SucChua], [DiaChi]) VALUES (N'NMT02', N'Phòng máy tính', 25, N'18 Ung Văn Khiêm, Đông Xuyên')
INSERT [dbo].[PhongHoc] ([MaPhong], [ChucNang], [SucChua], [DiaChi]) VALUES (N'TN101', N'Thí nghiệm', 1, N'05 Nguyễn Huệ, Mỹ Long')
GO
/****** Object:  Table [dbo].[BuoiHoc] ******/
INSERT [dbo].[BuoiHoc] ([BuoiHoc], [Ngay], [TietBatDau], [SoTiet]) VALUES (2, CAST(0x70380B00 AS Date), 5, 3)
INSERT [dbo].[BuoiHoc] ([BuoiHoc], [Ngay], [TietBatDau], [SoTiet]) VALUES (3, CAST(0x73380B00 AS Date), 0, 5)
INSERT [dbo].[BuoiHoc] ([BuoiHoc], [Ngay], [TietBatDau], [SoTiet]) VALUES (4, CAST(0x6F380B00 AS Date), 2, 3)
INSERT [dbo].[BuoiHoc] ([BuoiHoc], [Ngay], [TietBatDau], [SoTiet]) VALUES (5, CAST(0x76380B00 AS Date), 2, 3)
INSERT [dbo].[BuoiHoc] ([BuoiHoc], [Ngay], [TietBatDau], [SoTiet]) VALUES (6, CAST(0x77380B00 AS Date), 0, 2)
INSERT [dbo].[BuoiHoc] ([BuoiHoc], [Ngay], [TietBatDau], [SoTiet]) VALUES (7, CAST(0x77380B00 AS Date), 5, 5)
INSERT [dbo].[BuoiHoc] ([BuoiHoc], [Ngay], [TietBatDau], [SoTiet]) VALUES (8, CAST(0x78380B00 AS Date), 0, 1)
INSERT [dbo].[BuoiHoc] ([BuoiHoc], [Ngay], [TietBatDau], [SoTiet]) VALUES (9, CAST(0x78380B00 AS Date), 0, 3)
INSERT [dbo].[BuoiHoc] ([BuoiHoc], [Ngay], [TietBatDau], [SoTiet]) VALUES (10, CAST(0x7B380B00 AS Date), 7, 3)
INSERT [dbo].[BuoiHoc] ([BuoiHoc], [Ngay], [TietBatDau], [SoTiet]) VALUES (11, CAST(0x79380B00 AS Date), 0, 3)
INSERT [dbo].[BuoiHoc] ([BuoiHoc], [Ngay], [TietBatDau], [SoTiet]) VALUES (12, CAST(0x78380B00 AS Date), 5, 5)
INSERT [dbo].[BuoiHoc] ([BuoiHoc], [Ngay], [TietBatDau], [SoTiet]) VALUES (13, CAST(0x79380B00 AS Date), 1, 4)
INSERT [dbo].[BuoiHoc] ([BuoiHoc], [Ngay], [TietBatDau], [SoTiet]) VALUES (14, CAST(0x77380B00 AS Date), 2, 3)
INSERT [dbo].[BuoiHoc] ([BuoiHoc], [Ngay], [TietBatDau], [SoTiet]) VALUES (15, CAST(0x7B380B00 AS Date), 5, 5)
INSERT [dbo].[BuoiHoc] ([BuoiHoc], [Ngay], [TietBatDau], [SoTiet]) VALUES (16, CAST(0x7A380B00 AS Date), 0, 5)
INSERT [dbo].[BuoiHoc] ([BuoiHoc], [Ngay], [TietBatDau], [SoTiet]) VALUES (17, CAST(0x76380B00 AS Date), 1, 4)
INSERT [dbo].[BuoiHoc] ([BuoiHoc], [Ngay], [TietBatDau], [SoTiet]) VALUES (18, CAST(0x80380B00 AS Date), 0, 1)
INSERT [dbo].[BuoiHoc] ([BuoiHoc], [Ngay], [TietBatDau], [SoTiet]) VALUES (19, CAST(0x7E380B00 AS Date), 2, 3)
INSERT [dbo].[BuoiHoc] ([BuoiHoc], [Ngay], [TietBatDau], [SoTiet]) VALUES (20, CAST(0x80380B00 AS Date), 5, 5)
INSERT [dbo].[BuoiHoc] ([BuoiHoc], [Ngay], [TietBatDau], [SoTiet]) VALUES (21, CAST(0x81380B00 AS Date), 5, 3)
INSERT [dbo].[BuoiHoc] ([BuoiHoc], [Ngay], [TietBatDau], [SoTiet]) VALUES (22, CAST(0x7F380B00 AS Date), 0, 3)
INSERT [dbo].[BuoiHoc] ([BuoiHoc], [Ngay], [TietBatDau], [SoTiet]) VALUES (23, CAST(0x7F380B00 AS Date), 2, 3)
INSERT [dbo].[BuoiHoc] ([BuoiHoc], [Ngay], [TietBatDau], [SoTiet]) VALUES (24, CAST(0x7E380B00 AS Date), 0, 3)
INSERT [dbo].[BuoiHoc] ([BuoiHoc], [Ngay], [TietBatDau], [SoTiet]) VALUES (25, CAST(0x7D380B00 AS Date), 5, 4)
GO
/****** Object:  Table [dbo].[NguoiDung] ******/
INSERT [dbo].[NguoiDung] ([TenDangNhap], [MatKhau], [TenNguoiDung], [Quyen], [MoTaQuyen]) VALUES (N'cth120001', N'202cb962ac59075b964b07152d234b70', N'Nguyễn Tấn Huy', 3, N'Sinh viên')
INSERT [dbo].[NguoiDung] ([TenDangNhap], [MatKhau], [TenNguoiDung], [Quyen], [MoTaQuyen]) VALUES (N'cth120002', N'202cb962ac59075b964b07152d234b70', N'Huỳnh Minh Phương', 3, N'Sinh viên')
INSERT [dbo].[NguoiDung] ([TenDangNhap], [MatKhau], [TenNguoiDung], [Quyen], [MoTaQuyen]) VALUES (N'cth120003', N'202cb962ac59075b964b07152d234b70', N'Nguyễn Quang Quý', 3, N'Sinh viên')
INSERT [dbo].[NguoiDung] ([TenDangNhap], [MatKhau], [TenNguoiDung], [Quyen], [MoTaQuyen]) VALUES (N'cth120004', N'202cb962ac59075b964b07152d234b70', N'Trịnh Thanh Sang', 3, N'Sinh viên')
INSERT [dbo].[NguoiDung] ([TenDangNhap], [MatKhau], [TenNguoiDung], [Quyen], [MoTaQuyen]) VALUES (N'cth120005', N'202cb962ac59075b964b07152d234b70', N'Nguyễn Văn Sang', 3, N'Sinh viên')
INSERT [dbo].[NguoiDung] ([TenDangNhap], [MatKhau], [TenNguoiDung], [Quyen], [MoTaQuyen]) VALUES (N'cth120006', N'202cb962ac59075b964b07152d234b70', N'Chau Rốs Tanas', 3, N'Sinh viên')
INSERT [dbo].[NguoiDung] ([TenDangNhap], [MatKhau], [TenNguoiDung], [Quyen], [MoTaQuyen]) VALUES (N'cth120007', N'202cb962ac59075b964b07152d234b70', N'Nguyễn Ngọc Tấn', 3, N'Sinh viên')
INSERT [dbo].[NguoiDung] ([TenDangNhap], [MatKhau], [TenNguoiDung], [Quyen], [MoTaQuyen]) VALUES (N'cth120008', N'202cb962ac59075b964b07152d234b70', N'Nguyễn Văn Tập', 3, N'Sinh viên')
INSERT [dbo].[NguoiDung] ([TenDangNhap], [MatKhau], [TenNguoiDung], [Quyen], [MoTaQuyen]) VALUES (N'cth120009', N'202cb962ac59075b964b07152d234b70', N'Danh Tuấn Thanh', 3, N'Sinh viên')
INSERT [dbo].[NguoiDung] ([TenDangNhap], [MatKhau], [TenNguoiDung], [Quyen], [MoTaQuyen]) VALUES (N'cth120010', N'202cb962ac59075b964b07152d234b70', N'Lê Thị Thu Thảo', 3, N'Sinh viên')
INSERT [dbo].[NguoiDung] ([TenDangNhap], [MatKhau], [TenNguoiDung], [Quyen], [MoTaQuyen]) VALUES (N'cth120011', N'202cb962ac59075b964b07152d234b70', N'Nguyễn Thị Kim Thoa', 3, N'Sinh viên')
INSERT [dbo].[NguoiDung] ([TenDangNhap], [MatKhau], [TenNguoiDung], [Quyen], [MoTaQuyen]) VALUES (N'cth120012', N'202cb962ac59075b964b07152d234b70', N'Phạm Hồng Thuận', 3, N'Sinh viên')
INSERT [dbo].[NguoiDung] ([TenDangNhap], [MatKhau], [TenNguoiDung], [Quyen], [MoTaQuyen]) VALUES (N'cth120013', N'202cb962ac59075b964b07152d234b70', N'Trần Thị Cẩm Tiên', 3, N'Sinh viên')
INSERT [dbo].[NguoiDung] ([TenDangNhap], [MatKhau], [TenNguoiDung], [Quyen], [MoTaQuyen]) VALUES (N'cth120014', N'202cb962ac59075b964b07152d234b70', N'Lê Hồng Tơ', 3, N'Sinh viên')
INSERT [dbo].[NguoiDung] ([TenDangNhap], [MatKhau], [TenNguoiDung], [Quyen], [MoTaQuyen]) VALUES (N'cth120015', N'202cb962ac59075b964b07152d234b70', N'Triệu Minh Trí ', 3, N'Sinh viên')
INSERT [dbo].[NguoiDung] ([TenDangNhap], [MatKhau], [TenNguoiDung], [Quyen], [MoTaQuyen]) VALUES (N'cth120016', N'202cb962ac59075b964b07152d234b70', N'Bạch Thị Thanh Trúc', 3, N'Sinh viên')
INSERT [dbo].[NguoiDung] ([TenDangNhap], [MatKhau], [TenNguoiDung], [Quyen], [MoTaQuyen]) VALUES (N'cth120017', N'202cb962ac59075b964b07152d234b70', N'Võ Hoàng Tuấn', 3, N'Sinh viên')
INSERT [dbo].[NguoiDung] ([TenDangNhap], [MatKhau], [TenNguoiDung], [Quyen], [MoTaQuyen]) VALUES (N'cth120018', N'202cb962ac59075b964b07152d234b70', N'Lý Thế Vinh', 3, N'Sinh viên')
INSERT [dbo].[NguoiDung] ([TenDangNhap], [MatKhau], [TenNguoiDung], [Quyen], [MoTaQuyen]) VALUES (N'cth120019', N'202cb962ac59075b964b07152d234b70', N'Dương Thị Thu Yến', 3, N'Sinh viên')
INSERT [dbo].[NguoiDung] ([TenDangNhap], [MatKhau], [TenNguoiDung], [Quyen], [MoTaQuyen]) VALUES (N'cth120020', N'202cb962ac59075b964b07152d234b70', N'Nguyễn Thị Yến', 3, N'Sinh viên')
INSERT [dbo].[NguoiDung] ([TenDangNhap], [MatKhau], [TenNguoiDung], [Quyen], [MoTaQuyen]) VALUES (N'cth120021', N'202cb962ac59075b964b07152d234b70', N'Nguyễn Tiền An', 3, N'Sinh viên')
INSERT [dbo].[NguoiDung] ([TenDangNhap], [MatKhau], [TenNguoiDung], [Quyen], [MoTaQuyen]) VALUES (N'cth120022', N'202cb962ac59075b964b07152d234b70', N'Phạm Văn Ây', 3, N'Sinh viên')
INSERT [dbo].[NguoiDung] ([TenDangNhap], [MatKhau], [TenNguoiDung], [Quyen], [MoTaQuyen]) VALUES (N'cth120023', N'202cb962ac59075b964b07152d234b70', N'Nguyễn Chí Công', 3, N'Sinh viên')
INSERT [dbo].[NguoiDung] ([TenDangNhap], [MatKhau], [TenNguoiDung], [Quyen], [MoTaQuyen]) VALUES (N'cth120024', N'202cb962ac59075b964b07152d234b70', N'Võ Giang Cảnh', 3, N'Sinh viên')
INSERT [dbo].[NguoiDung] ([TenDangNhap], [MatKhau], [TenNguoiDung], [Quyen], [MoTaQuyen]) VALUES (N'cth120025', N'202cb962ac59075b964b07152d234b70', N'Nguyễn Thị Linh Chi', 3, N'Sinh viên')
INSERT [dbo].[NguoiDung] ([TenDangNhap], [MatKhau], [TenNguoiDung], [Quyen], [MoTaQuyen]) VALUES (N'cth120026', N'202cb962ac59075b964b07152d234b70', N'Bùi Thị Chinh', 3, N'Sinh viên')
INSERT [dbo].[NguoiDung] ([TenDangNhap], [MatKhau], [TenNguoiDung], [Quyen], [MoTaQuyen]) VALUES (N'cth120027', N'202cb962ac59075b964b07152d234b70', N'Nguyễn Mỹ Duyên', 3, N'Sinh viên')
INSERT [dbo].[NguoiDung] ([TenDangNhap], [MatKhau], [TenNguoiDung], [Quyen], [MoTaQuyen]) VALUES (N'cth120028', N'202cb962ac59075b964b07152d234b70', N'Nguyễn Tấn Đạt', 3, N'Sinh viên')
INSERT [dbo].[NguoiDung] ([TenDangNhap], [MatKhau], [TenNguoiDung], [Quyen], [MoTaQuyen]) VALUES (N'cth120029', N'202cb962ac59075b964b07152d234b70', N'Phùng Văn Đồng', 3, N'Sinh viên')
INSERT [dbo].[NguoiDung] ([TenDangNhap], [MatKhau], [TenNguoiDung], [Quyen], [MoTaQuyen]) VALUES (N'cth120030', N'202cb962ac59075b964b07152d234b70', N'Dương Thị Ngọc Giàu', 3, N'Sinh viên')
INSERT [dbo].[NguoiDung] ([TenDangNhap], [MatKhau], [TenNguoiDung], [Quyen], [MoTaQuyen]) VALUES (N'cth120031', N'202cb962ac59075b964b07152d234b70', N'Cao Sơn Trường Giang', 3, N'Sinh viên')
INSERT [dbo].[NguoiDung] ([TenDangNhap], [MatKhau], [TenNguoiDung], [Quyen], [MoTaQuyen]) VALUES (N'cth120032', N'202cb962ac59075b964b07152d234b70', N'Mai Trường Giang', 3, N'Sinh viên')
INSERT [dbo].[NguoiDung] ([TenDangNhap], [MatKhau], [TenNguoiDung], [Quyen], [MoTaQuyen]) VALUES (N'cth120033', N'202cb962ac59075b964b07152d234b70', N'Nguyễn Thị Phượng Hằng', 3, N'Sinh viên')
INSERT [dbo].[NguoiDung] ([TenDangNhap], [MatKhau], [TenNguoiDung], [Quyen], [MoTaQuyen]) VALUES (N'cth120034', N'202cb962ac59075b964b07152d234b70', N'Phạm Thanh Hồ', 3, N'Sinh viên')
INSERT [dbo].[NguoiDung] ([TenDangNhap], [MatKhau], [TenNguoiDung], [Quyen], [MoTaQuyen]) VALUES (N'cth120035', N'202cb962ac59075b964b07152d234b70', N'Khưu Văn Hiền', 3, N'Sinh viên')
INSERT [dbo].[NguoiDung] ([TenDangNhap], [MatKhau], [TenNguoiDung], [Quyen], [MoTaQuyen]) VALUES (N'cth120036', N'202cb962ac59075b964b07152d234b70', N'Nguyễn Trần Vũ Huy', 3, N'Sinh viên')
INSERT [dbo].[NguoiDung] ([TenDangNhap], [MatKhau], [TenNguoiDung], [Quyen], [MoTaQuyen]) VALUES (N'cth120037', N'202cb962ac59075b964b07152d234b70', N'Nguyễn Thị Pha Lê', 3, N'Sinh viên')
INSERT [dbo].[NguoiDung] ([TenDangNhap], [MatKhau], [TenNguoiDung], [Quyen], [MoTaQuyen]) VALUES (N'cth130001', N'202cb962ac59075b964b07152d234b70', N'Lê Quách Đức Linh', 3, N'Sinh viên')
INSERT [dbo].[NguoiDung] ([TenDangNhap], [MatKhau], [TenNguoiDung], [Quyen], [MoTaQuyen]) VALUES (N'cth130002', N'202cb962ac59075b964b07152d234b70', N'Nguyễn Thị Mỹ', 3, N'Sinh viên')
INSERT [dbo].[NguoiDung] ([TenDangNhap], [MatKhau], [TenNguoiDung], [Quyen], [MoTaQuyen]) VALUES (N'cth130003', N'202cb962ac59075b964b07152d234b70', N'Trương Hoài Nam', 3, N'Sinh viên')
INSERT [dbo].[NguoiDung] ([TenDangNhap], [MatKhau], [TenNguoiDung], [Quyen], [MoTaQuyen]) VALUES (N'cth130004', N'202cb962ac59075b964b07152d234b70', N'Nguyễn Hồng Như', 3, N'Sinh viên')
INSERT [dbo].[NguoiDung] ([TenDangNhap], [MatKhau], [TenNguoiDung], [Quyen], [MoTaQuyen]) VALUES (N'cth130005', N'202cb962ac59075b964b07152d234b70', N'Nguyễn Minh Nhật', 3, N'Sinh viên')
INSERT [dbo].[NguoiDung] ([TenDangNhap], [MatKhau], [TenNguoiDung], [Quyen], [MoTaQuyen]) VALUES (N'cth130006', N'202cb962ac59075b964b07152d234b70', N'Lý Tấn Tài', 3, N'Sinh viên')
INSERT [dbo].[NguoiDung] ([TenDangNhap], [MatKhau], [TenNguoiDung], [Quyen], [MoTaQuyen]) VALUES (N'cth130007', N'202cb962ac59075b964b07152d234b70', N'Dương Thị Minh Thư', 3, N'Sinh viên')
INSERT [dbo].[NguoiDung] ([TenDangNhap], [MatKhau], [TenNguoiDung], [Quyen], [MoTaQuyen]) VALUES (N'cth130008', N'202cb962ac59075b964b07152d234b70', N'Nguyễn Thị Minh Thư', 3, N'Sinh viên')
INSERT [dbo].[NguoiDung] ([TenDangNhap], [MatKhau], [TenNguoiDung], [Quyen], [MoTaQuyen]) VALUES (N'cth130009', N'202cb962ac59075b964b07152d234b70', N'Lương Diệu Thái', 3, N'Sinh viên')
INSERT [dbo].[NguoiDung] ([TenDangNhap], [MatKhau], [TenNguoiDung], [Quyen], [MoTaQuyen]) VALUES (N'cth130010', N'202cb962ac59075b964b07152d234b70', N'Ngô Hiếu Thanh', 3, N'Sinh viên')
INSERT [dbo].[NguoiDung] ([TenDangNhap], [MatKhau], [TenNguoiDung], [Quyen], [MoTaQuyen]) VALUES (N'cth130011', N'202cb962ac59075b964b07152d234b70', N'Dương Trí Thức', 3, N'Sinh viên')
INSERT [dbo].[NguoiDung] ([TenDangNhap], [MatKhau], [TenNguoiDung], [Quyen], [MoTaQuyen]) VALUES (N'cth130012', N'202cb962ac59075b964b07152d234b70', N'Lê Nguyễn Thành Trung', 3, N'Sinh viên')
INSERT [dbo].[NguoiDung] ([TenDangNhap], [MatKhau], [TenNguoiDung], [Quyen], [MoTaQuyen]) VALUES (N'cth130013', N'202cb962ac59075b964b07152d234b70', N'Phạm Minh Trí', 3, N'Sinh viên')
INSERT [dbo].[NguoiDung] ([TenDangNhap], [MatKhau], [TenNguoiDung], [Quyen], [MoTaQuyen]) VALUES (N'cth130014', N'202cb962ac59075b964b07152d234b70', N'Hồ Văn Đức', 3, N'Sinh viên')
INSERT [dbo].[NguoiDung] ([TenDangNhap], [MatKhau], [TenNguoiDung], [Quyen], [MoTaQuyen]) VALUES (N'cth130015', N'202cb962ac59075b964b07152d234b70', N'Nguyễn Văn Giàu', 3, N'Sinh viên')
INSERT [dbo].[NguoiDung] ([TenDangNhap], [MatKhau], [TenNguoiDung], [Quyen], [MoTaQuyen]) VALUES (N'cth130016', N'202cb962ac59075b964b07152d234b70', N'Phạm Cao Minh Ngọc', 3, N'Sinh viên')
INSERT [dbo].[NguoiDung] ([TenDangNhap], [MatKhau], [TenNguoiDung], [Quyen], [MoTaQuyen]) VALUES (N'cth130017', N'202cb962ac59075b964b07152d234b70', N'Nguyễn Văn Thành', 3, N'Sinh viên')
INSERT [dbo].[NguoiDung] ([TenDangNhap], [MatKhau], [TenNguoiDung], [Quyen], [MoTaQuyen]) VALUES (N'cth130018', N'202cb962ac59075b964b07152d234b70', N'Nguyễn Thanh Trúc', 3, N'Sinh viên')
INSERT [dbo].[NguoiDung] ([TenDangNhap], [MatKhau], [TenNguoiDung], [Quyen], [MoTaQuyen]) VALUES (N'cts110001', N'202cb962ac59075b964b07152d234b70', N'Nhâm Quốc Toàn', 3, N'Sinh viên')
INSERT [dbo].[NguoiDung] ([TenDangNhap], [MatKhau], [TenNguoiDung], [Quyen], [MoTaQuyen]) VALUES (N'cts110002', N'202cb962ac59075b964b07152d234b70', N'Quách Văn Hiệp', 3, N'Sinh viên')
INSERT [dbo].[NguoiDung] ([TenDangNhap], [MatKhau], [TenNguoiDung], [Quyen], [MoTaQuyen]) VALUES (N'cts110003', N'202cb962ac59075b964b07152d234b70', N'Nguyễn Tuấn Ngàn', 3, N'Sinh viên')
INSERT [dbo].[NguoiDung] ([TenDangNhap], [MatKhau], [TenNguoiDung], [Quyen], [MoTaQuyen]) VALUES (N'cts110004', N'202cb962ac59075b964b07152d234b70', N'Nguyễn Anh Tuấn', 3, N'Sinh viên')
INSERT [dbo].[NguoiDung] ([TenDangNhap], [MatKhau], [TenNguoiDung], [Quyen], [MoTaQuyen]) VALUES (N'dkt120001', N'202cb962ac59075b964b07152d234b70', N'Đàm Thanh Huyền', 3, N'Sinh viên')
INSERT [dbo].[NguoiDung] ([TenDangNhap], [MatKhau], [TenNguoiDung], [Quyen], [MoTaQuyen]) VALUES (N'dkt120002', N'202cb962ac59075b964b07152d234b70', N'Trần Văn Huỳnh', 3, N'Sinh viên')
INSERT [dbo].[NguoiDung] ([TenDangNhap], [MatKhau], [TenNguoiDung], [Quyen], [MoTaQuyen]) VALUES (N'dkt120003', N'202cb962ac59075b964b07152d234b70', N'Phạm Xuân Khắc', 3, N'Sinh viên')
INSERT [dbo].[NguoiDung] ([TenDangNhap], [MatKhau], [TenNguoiDung], [Quyen], [MoTaQuyen]) VALUES (N'dmt120001', N'202cb962ac59075b964b07152d234b70', N'Hoàng Minh Khải', 3, N'Sinh viên')
INSERT [dbo].[NguoiDung] ([TenDangNhap], [MatKhau], [TenNguoiDung], [Quyen], [MoTaQuyen]) VALUES (N'dmt120002', N'202cb962ac59075b964b07152d234b70', N'Nguyễn Nguyên Khang', 3, N'Sinh viên')
INSERT [dbo].[NguoiDung] ([TenDangNhap], [MatKhau], [TenNguoiDung], [Quyen], [MoTaQuyen]) VALUES (N'dmt120003', N'202cb962ac59075b964b07152d234b70', N'Lê Thị Minh Khánh', 3, N'Sinh viên')
INSERT [dbo].[NguoiDung] ([TenDangNhap], [MatKhau], [TenNguoiDung], [Quyen], [MoTaQuyen]) VALUES (N'dmt120004', N'202cb962ac59075b964b07152d234b70', N'Nguyễn Hoàng Việt Khánh', 3, N'Sinh viên')
INSERT [dbo].[NguoiDung] ([TenDangNhap], [MatKhau], [TenNguoiDung], [Quyen], [MoTaQuyen]) VALUES (N'dmt120005', N'202cb962ac59075b964b07152d234b70', N'Đặng Yến Linh', 3, N'Sinh viên')
INSERT [dbo].[NguoiDung] ([TenDangNhap], [MatKhau], [TenNguoiDung], [Quyen], [MoTaQuyen]) VALUES (N'dmt120006', N'202cb962ac59075b964b07152d234b70', N'Dương Thanh Long', 3, N'Sinh viên')
INSERT [dbo].[NguoiDung] ([TenDangNhap], [MatKhau], [TenNguoiDung], [Quyen], [MoTaQuyen]) VALUES (N'dmt120007', N'202cb962ac59075b964b07152d234b70', N'Lê Bá Long', 3, N'Sinh viên')
INSERT [dbo].[NguoiDung] ([TenDangNhap], [MatKhau], [TenNguoiDung], [Quyen], [MoTaQuyen]) VALUES (N'dmt120008', N'202cb962ac59075b964b07152d234b70', N'Dương Thị Tuyết Mai', 3, N'Sinh viên')
INSERT [dbo].[NguoiDung] ([TenDangNhap], [MatKhau], [TenNguoiDung], [Quyen], [MoTaQuyen]) VALUES (N'dmt120009', N'202cb962ac59075b964b07152d234b70', N'Lại Vũ Mão', 3, N'Sinh viên')
INSERT [dbo].[NguoiDung] ([TenDangNhap], [MatKhau], [TenNguoiDung], [Quyen], [MoTaQuyen]) VALUES (N'dmt120010', N'202cb962ac59075b964b07152d234b70', N'Nguyễn Bảo Ngọc', 3, N'Sinh viên')
INSERT [dbo].[NguoiDung] ([TenDangNhap], [MatKhau], [TenNguoiDung], [Quyen], [MoTaQuyen]) VALUES (N'dmt120011', N'202cb962ac59075b964b07152d234b70', N'Lâm Tông Nguyên', 3, N'Sinh viên')
INSERT [dbo].[NguoiDung] ([TenDangNhap], [MatKhau], [TenNguoiDung], [Quyen], [MoTaQuyen]) VALUES (N'dmt120012', N'202cb962ac59075b964b07152d234b70', N'Trần Đặng Khôi Nguyên', 3, N'Sinh viên')
INSERT [dbo].[NguoiDung] ([TenDangNhap], [MatKhau], [TenNguoiDung], [Quyen], [MoTaQuyen]) VALUES (N'dmt120013', N'202cb962ac59075b964b07152d234b70', N'Mai Đỗ Thành Nhân', 3, N'Sinh viên')
INSERT [dbo].[NguoiDung] ([TenDangNhap], [MatKhau], [TenNguoiDung], [Quyen], [MoTaQuyen]) VALUES (N'dmt120014', N'202cb962ac59075b964b07152d234b70', N'Vũ Việt Tùng', 3, N'Sinh viên')
INSERT [dbo].[NguoiDung] ([TenDangNhap], [MatKhau], [TenNguoiDung], [Quyen], [MoTaQuyen]) VALUES (N'dqr120001', N'202cb962ac59075b964b07152d234b70', N'Trần Thị Như Ngọc', 3, N'Sinh viên')
INSERT [dbo].[NguoiDung] ([TenDangNhap], [MatKhau], [TenNguoiDung], [Quyen], [MoTaQuyen]) VALUES (N'dqr120002', N'202cb962ac59075b964b07152d234b70', N'Lê Minh Quân', 3, N'Sinh viên')
INSERT [dbo].[NguoiDung] ([TenDangNhap], [MatKhau], [TenNguoiDung], [Quyen], [MoTaQuyen]) VALUES (N'dqr120003', N'202cb962ac59075b964b07152d234b70', N'Nguyễn Trọng Quân', 3, N'Sinh viên')
INSERT [dbo].[NguoiDung] ([TenDangNhap], [MatKhau], [TenNguoiDung], [Quyen], [MoTaQuyen]) VALUES (N'dqr120004', N'202cb962ac59075b964b07152d234b70', N'Lê Thiện Tài', 3, N'Sinh viên')
INSERT [dbo].[NguoiDung] ([TenDangNhap], [MatKhau], [TenNguoiDung], [Quyen], [MoTaQuyen]) VALUES (N'dqr120005', N'202cb962ac59075b964b07152d234b70', N'Nguyễn Duy Tân', 3, N'Sinh viên')
INSERT [dbo].[NguoiDung] ([TenDangNhap], [MatKhau], [TenNguoiDung], [Quyen], [MoTaQuyen]) VALUES (N'dqr120006', N'202cb962ac59075b964b07152d234b70', N'Vương Thị Tân', 3, N'Sinh viên')
INSERT [dbo].[NguoiDung] ([TenDangNhap], [MatKhau], [TenNguoiDung], [Quyen], [MoTaQuyen]) VALUES (N'dqr120007', N'202cb962ac59075b964b07152d234b70', N'Đặng Đức Thắng', 3, N'Sinh viên')
INSERT [dbo].[NguoiDung] ([TenDangNhap], [MatKhau], [TenNguoiDung], [Quyen], [MoTaQuyen]) VALUES (N'dqr120008', N'202cb962ac59075b964b07152d234b70', N'Lê Cao Minh Thành', 3, N'Sinh viên')
INSERT [dbo].[NguoiDung] ([TenDangNhap], [MatKhau], [TenNguoiDung], [Quyen], [MoTaQuyen]) VALUES (N'dqr120009', N'202cb962ac59075b964b07152d234b70', N'Nguyễn Hương Thanh', 3, N'Sinh viên')
INSERT [dbo].[NguoiDung] ([TenDangNhap], [MatKhau], [TenNguoiDung], [Quyen], [MoTaQuyen]) VALUES (N'dqr120010', N'202cb962ac59075b964b07152d234b70', N'Trương Trần Thế', 3, N'Sinh viên')
INSERT [dbo].[NguoiDung] ([TenDangNhap], [MatKhau], [TenNguoiDung], [Quyen], [MoTaQuyen]) VALUES (N'dqr120011', N'202cb962ac59075b964b07152d234b70', N'Phạm Trí Thịnh', 3, N'Sinh viên')
INSERT [dbo].[NguoiDung] ([TenDangNhap], [MatKhau], [TenNguoiDung], [Quyen], [MoTaQuyen]) VALUES (N'dqr120012', N'202cb962ac59075b964b07152d234b70', N'Nguyễn Thị Anh Thơ', 3, N'Sinh viên')
INSERT [dbo].[NguoiDung] ([TenDangNhap], [MatKhau], [TenNguoiDung], [Quyen], [MoTaQuyen]) VALUES (N'dqr120013', N'202cb962ac59075b964b07152d234b70', N'Đặng Hoàng Thông', 3, N'Sinh viên')
INSERT [dbo].[NguoiDung] ([TenDangNhap], [MatKhau], [TenNguoiDung], [Quyen], [MoTaQuyen]) VALUES (N'dqr120014', N'202cb962ac59075b964b07152d234b70', N'Đỗ Thị Lệ Thủy', 3, N'Sinh viên')
INSERT [dbo].[NguoiDung] ([TenDangNhap], [MatKhau], [TenNguoiDung], [Quyen], [MoTaQuyen]) VALUES (N'dqr120015', N'202cb962ac59075b964b07152d234b70', N'Phạm Ngọc Tiến', 3, N'Sinh viên')
INSERT [dbo].[NguoiDung] ([TenDangNhap], [MatKhau], [TenNguoiDung], [Quyen], [MoTaQuyen]) VALUES (N'dqr120016', N'202cb962ac59075b964b07152d234b70', N'Nguyễn Văn Tiệp', 3, N'Sinh viên')
INSERT [dbo].[NguoiDung] ([TenDangNhap], [MatKhau], [TenNguoiDung], [Quyen], [MoTaQuyen]) VALUES (N'dqr120017', N'202cb962ac59075b964b07152d234b70', N'Lê Mai Tú', 3, N'Sinh viên')
INSERT [dbo].[NguoiDung] ([TenDangNhap], [MatKhau], [TenNguoiDung], [Quyen], [MoTaQuyen]) VALUES (N'dqr120018', N'202cb962ac59075b964b07152d234b70', N'Nguyễn Mạnh Tú', 3, N'Sinh viên')
INSERT [dbo].[NguoiDung] ([TenDangNhap], [MatKhau], [TenNguoiDung], [Quyen], [MoTaQuyen]) VALUES (N'dqr120019', N'202cb962ac59075b964b07152d234b70', N'Lê Văn Tuấn', 3, N'Sinh viên')
INSERT [dbo].[NguoiDung] ([TenDangNhap], [MatKhau], [TenNguoiDung], [Quyen], [MoTaQuyen]) VALUES (N'dth110001', N'202cb962ac59075b964b07152d234b70', N'Chau Kim Anh', 3, N'Sinh viên')
INSERT [dbo].[NguoiDung] ([TenDangNhap], [MatKhau], [TenNguoiDung], [Quyen], [MoTaQuyen]) VALUES (N'dth110002', N'202cb962ac59075b964b07152d234b70', N'Nguyễn Ra Ba', 3, N'Sinh viên')
INSERT [dbo].[NguoiDung] ([TenDangNhap], [MatKhau], [TenNguoiDung], [Quyen], [MoTaQuyen]) VALUES (N'dth110003', N'202cb962ac59075b964b07152d234b70', N'Ha Mi Dah', 3, N'Sinh viên')
INSERT [dbo].[NguoiDung] ([TenDangNhap], [MatKhau], [TenNguoiDung], [Quyen], [MoTaQuyen]) VALUES (N'dth110004', N'202cb962ac59075b964b07152d234b70', N'Nguyễn Hải Đăng', 3, N'Sinh viên')
INSERT [dbo].[NguoiDung] ([TenDangNhap], [MatKhau], [TenNguoiDung], [Quyen], [MoTaQuyen]) VALUES (N'dth110005', N'202cb962ac59075b964b07152d234b70', N'Lê Thành Được', 3, N'Sinh viên')
INSERT [dbo].[NguoiDung] ([TenDangNhap], [MatKhau], [TenNguoiDung], [Quyen], [MoTaQuyen]) VALUES (N'dth110006', N'202cb962ac59075b964b07152d234b70', N'Nguyễn Minh Hải', 3, N'Sinh viên')
INSERT [dbo].[NguoiDung] ([TenDangNhap], [MatKhau], [TenNguoiDung], [Quyen], [MoTaQuyen]) VALUES (N'dth110007', N'202cb962ac59075b964b07152d234b70', N'Võ Thị Thanh Hằng', 3, N'Sinh viên')
INSERT [dbo].[NguoiDung] ([TenDangNhap], [MatKhau], [TenNguoiDung], [Quyen], [MoTaQuyen]) VALUES (N'dth110008', N'202cb962ac59075b964b07152d234b70', N'Nguyễn Thị Ngọc Hiền', 3, N'Sinh viên')
INSERT [dbo].[NguoiDung] ([TenDangNhap], [MatKhau], [TenNguoiDung], [Quyen], [MoTaQuyen]) VALUES (N'dth110009', N'202cb962ac59075b964b07152d234b70', N'Cao Hữu Thành Huy', 3, N'Sinh viên')
INSERT [dbo].[NguoiDung] ([TenDangNhap], [MatKhau], [TenNguoiDung], [Quyen], [MoTaQuyen]) VALUES (N'dth110010', N'202cb962ac59075b964b07152d234b70', N'Đặng Hoàng Khải', 3, N'Sinh viên')
INSERT [dbo].[NguoiDung] ([TenDangNhap], [MatKhau], [TenNguoiDung], [Quyen], [MoTaQuyen]) VALUES (N'dth110011', N'202cb962ac59075b964b07152d234b70', N'Trần Quang Khải', 3, N'Sinh viên')
INSERT [dbo].[NguoiDung] ([TenDangNhap], [MatKhau], [TenNguoiDung], [Quyen], [MoTaQuyen]) VALUES (N'dth110012', N'202cb962ac59075b964b07152d234b70', N'Trần Điền Khang', 3, N'Sinh viên')
INSERT [dbo].[NguoiDung] ([TenDangNhap], [MatKhau], [TenNguoiDung], [Quyen], [MoTaQuyen]) VALUES (N'dth110013', N'202cb962ac59075b964b07152d234b70', N'Lê Trương Yến Khanh', 3, N'Sinh viên')
INSERT [dbo].[NguoiDung] ([TenDangNhap], [MatKhau], [TenNguoiDung], [Quyen], [MoTaQuyen]) VALUES (N'dth110014', N'202cb962ac59075b964b07152d234b70', N'Liêu Minh Khánh', 3, N'Sinh viên')
INSERT [dbo].[NguoiDung] ([TenDangNhap], [MatKhau], [TenNguoiDung], [Quyen], [MoTaQuyen]) VALUES (N'dth110015', N'202cb962ac59075b964b07152d234b70', N'Neàng Khiêu', 3, N'Sinh viên')
INSERT [dbo].[NguoiDung] ([TenDangNhap], [MatKhau], [TenNguoiDung], [Quyen], [MoTaQuyen]) VALUES (N'dth110016', N'202cb962ac59075b964b07152d234b70', N'Lê Văn Lượm', 3, N'Sinh viên')
INSERT [dbo].[NguoiDung] ([TenDangNhap], [MatKhau], [TenNguoiDung], [Quyen], [MoTaQuyen]) VALUES (N'dth110017', N'202cb962ac59075b964b07152d234b70', N'Bùi Minh Lý', 3, N'Sinh viên')
INSERT [dbo].[NguoiDung] ([TenDangNhap], [MatKhau], [TenNguoiDung], [Quyen], [MoTaQuyen]) VALUES (N'dth110018', N'202cb962ac59075b964b07152d234b70', N'Trần Phú Hải Lý', 3, N'Sinh viên')
INSERT [dbo].[NguoiDung] ([TenDangNhap], [MatKhau], [TenNguoiDung], [Quyen], [MoTaQuyen]) VALUES (N'dth110019', N'202cb962ac59075b964b07152d234b70', N'Nguyễn Thị Mãi', 3, N'Sinh viên')
INSERT [dbo].[NguoiDung] ([TenDangNhap], [MatKhau], [TenNguoiDung], [Quyen], [MoTaQuyen]) VALUES (N'dth110020', N'202cb962ac59075b964b07152d234b70', N'Nguyễn Khải Minh', 3, N'Sinh viên')
INSERT [dbo].[NguoiDung] ([TenDangNhap], [MatKhau], [TenNguoiDung], [Quyen], [MoTaQuyen]) VALUES (N'dth110021', N'202cb962ac59075b964b07152d234b70', N'Nguyễn Thành Nam', 3, N'Sinh viên')
INSERT [dbo].[NguoiDung] ([TenDangNhap], [MatKhau], [TenNguoiDung], [Quyen], [MoTaQuyen]) VALUES (N'dth110022', N'202cb962ac59075b964b07152d234b70', N'Võ Thị Cẩm Ngân', 3, N'Sinh viên')
INSERT [dbo].[NguoiDung] ([TenDangNhap], [MatKhau], [TenNguoiDung], [Quyen], [MoTaQuyen]) VALUES (N'dth110023', N'202cb962ac59075b964b07152d234b70', N'Nguyễn Điền Nguyên', 3, N'Sinh viên')
INSERT [dbo].[NguoiDung] ([TenDangNhap], [MatKhau], [TenNguoiDung], [Quyen], [MoTaQuyen]) VALUES (N'dth110024', N'202cb962ac59075b964b07152d234b70', N'Phan Hải Phú', 3, N'Sinh viên')
INSERT [dbo].[NguoiDung] ([TenDangNhap], [MatKhau], [TenNguoiDung], [Quyen], [MoTaQuyen]) VALUES (N'dth110025', N'202cb962ac59075b964b07152d234b70', N'Nguyễn Văn Sĩ Phú', 3, N'Sinh viên')
INSERT [dbo].[NguoiDung] ([TenDangNhap], [MatKhau], [TenNguoiDung], [Quyen], [MoTaQuyen]) VALUES (N'dth110026', N'202cb962ac59075b964b07152d234b70', N'Nguyễn Hữu Phước', 3, N'Sinh viên')
INSERT [dbo].[NguoiDung] ([TenDangNhap], [MatKhau], [TenNguoiDung], [Quyen], [MoTaQuyen]) VALUES (N'dth110027', N'202cb962ac59075b964b07152d234b70', N'Huỳnh Minh Phương', 3, N'Sinh viên')
INSERT [dbo].[NguoiDung] ([TenDangNhap], [MatKhau], [TenNguoiDung], [Quyen], [MoTaQuyen]) VALUES (N'dth110028', N'202cb962ac59075b964b07152d234b70', N'Hồ Ngọc An', 3, N'Sinh viên')
INSERT [dbo].[NguoiDung] ([TenDangNhap], [MatKhau], [TenNguoiDung], [Quyen], [MoTaQuyen]) VALUES (N'dth110029', N'202cb962ac59075b964b07152d234b70', N'Lê Tuấn Anh', 3, N'Sinh viên')
INSERT [dbo].[NguoiDung] ([TenDangNhap], [MatKhau], [TenNguoiDung], [Quyen], [MoTaQuyen]) VALUES (N'dth110030', N'202cb962ac59075b964b07152d234b70', N'Lê Vân Anh', 3, N'Sinh viên')
INSERT [dbo].[NguoiDung] ([TenDangNhap], [MatKhau], [TenNguoiDung], [Quyen], [MoTaQuyen]) VALUES (N'dth110031', N'202cb962ac59075b964b07152d234b70', N'Đinh Tiến Dũng', 3, N'Sinh viên')
INSERT [dbo].[NguoiDung] ([TenDangNhap], [MatKhau], [TenNguoiDung], [Quyen], [MoTaQuyen]) VALUES (N'dth110032', N'202cb962ac59075b964b07152d234b70', N'Vũ Thị Mai Hạnh', 3, N'Sinh viên')
INSERT [dbo].[NguoiDung] ([TenDangNhap], [MatKhau], [TenNguoiDung], [Quyen], [MoTaQuyen]) VALUES (N'dth110033', N'202cb962ac59075b964b07152d234b70', N'Nguyễn Thị Hằng', 3, N'Sinh viên')
INSERT [dbo].[NguoiDung] ([TenDangNhap], [MatKhau], [TenNguoiDung], [Quyen], [MoTaQuyen]) VALUES (N'dth110034', N'202cb962ac59075b964b07152d234b70', N'Cao Minh Hiền', 3, N'Sinh viên')
INSERT [dbo].[NguoiDung] ([TenDangNhap], [MatKhau], [TenNguoiDung], [Quyen], [MoTaQuyen]) VALUES (N'dth110035', N'202cb962ac59075b964b07152d234b70', N'Cao Minh Hậu', 3, N'Sinh viên')
INSERT [dbo].[NguoiDung] ([TenDangNhap], [MatKhau], [TenNguoiDung], [Quyen], [MoTaQuyen]) VALUES (N'dth110036', N'202cb962ac59075b964b07152d234b70', N'Nguyễn Minh Hiếu', 3, N'Sinh viên')
INSERT [dbo].[NguoiDung] ([TenDangNhap], [MatKhau], [TenNguoiDung], [Quyen], [MoTaQuyen]) VALUES (N'dth110037', N'202cb962ac59075b964b07152d234b70', N'Trần Công Hiệu', 3, N'Sinh viên')
INSERT [dbo].[NguoiDung] ([TenDangNhap], [MatKhau], [TenNguoiDung], [Quyen], [MoTaQuyen]) VALUES (N'dth110038', N'202cb962ac59075b964b07152d234b70', N'Nguyễn Thị Hoài', 3, N'Sinh viên')
INSERT [dbo].[NguoiDung] ([TenDangNhap], [MatKhau], [TenNguoiDung], [Quyen], [MoTaQuyen]) VALUES (N'dth110039', N'202cb962ac59075b964b07152d234b70', N'Lã Minh Hoàng', 3, N'Sinh viên')
INSERT [dbo].[NguoiDung] ([TenDangNhap], [MatKhau], [TenNguoiDung], [Quyen], [MoTaQuyen]) VALUES (N'dth110040', N'202cb962ac59075b964b07152d234b70', N'Nguyễn Duy Hưng', 3, N'Sinh viên')
INSERT [dbo].[NguoiDung] ([TenDangNhap], [MatKhau], [TenNguoiDung], [Quyen], [MoTaQuyen]) VALUES (N'gv0001', N'202cb962ac59075b964b07152d234b70', N'Lê Văn Toán', 2, N'Giảng viên')
INSERT [dbo].[NguoiDung] ([TenDangNhap], [MatKhau], [TenNguoiDung], [Quyen], [MoTaQuyen]) VALUES (N'gv0002', N'202cb962ac59075b964b07152d234b70', N'Trương Thị Diễm', 2, N'Giảng viên')
INSERT [dbo].[NguoiDung] ([TenDangNhap], [MatKhau], [TenNguoiDung], [Quyen], [MoTaQuyen]) VALUES (N'gv0003', N'202cb962ac59075b964b07152d234b70', N'Nguyễn Văn Cỡn', 2, N'Giảng viên')
INSERT [dbo].[NguoiDung] ([TenDangNhap], [MatKhau], [TenNguoiDung], [Quyen], [MoTaQuyen]) VALUES (N'gv0004', N'202cb962ac59075b964b07152d234b70', N'Trần Thị Thùy Trang', 2, N'Giảng viên')
INSERT [dbo].[NguoiDung] ([TenDangNhap], [MatKhau], [TenNguoiDung], [Quyen], [MoTaQuyen]) VALUES (N'gv0005', N'202cb962ac59075b964b07152d234b70', N'Nguyễn Văn Hùng', 2, N'Giảng viên')
INSERT [dbo].[NguoiDung] ([TenDangNhap], [MatKhau], [TenNguoiDung], [Quyen], [MoTaQuyen]) VALUES (N'gv0006', N'202cb962ac59075b964b07152d234b70', N'Nguyễn Hoàng Tùng', 2, N'Giảng viên')
INSERT [dbo].[NguoiDung] ([TenDangNhap], [MatKhau], [TenNguoiDung], [Quyen], [MoTaQuyen]) VALUES (N'gv0007', N'202cb962ac59075b964b07152d234b70', N'Vương Thị Mỹ Tâm', 2, N'Giảng viên')
INSERT [dbo].[NguoiDung] ([TenDangNhap], [MatKhau], [TenNguoiDung], [Quyen], [MoTaQuyen]) VALUES (N'gv0008', N'202cb962ac59075b964b07152d234b70', N'Nguyễn Văn Hòa', 2, N'Giảng viên')
INSERT [dbo].[NguoiDung] ([TenDangNhap], [MatKhau], [TenNguoiDung], [Quyen], [MoTaQuyen]) VALUES (N'gv0009', N'202cb962ac59075b964b07152d234b70', N'Khưu Huỳnh Như', 2, N'Giảng viên')
INSERT [dbo].[NguoiDung] ([TenDangNhap], [MatKhau], [TenNguoiDung], [Quyen], [MoTaQuyen]) VALUES (N'gv0010', N'202cb962ac59075b964b07152d234b70', N'Ngô Quốc Việt', 2, N'Giảng viên')
INSERT [dbo].[NguoiDung] ([TenDangNhap], [MatKhau], [TenNguoiDung], [Quyen], [MoTaQuyen]) VALUES (N'gv0011', N'202cb962ac59075b964b07152d234b70', N'Nguyễn Hoàng Khắc Hiếu', 2, N'Giảng viên')
GO
/****** Object:  Table [dbo].[NganhHoc] ******/
INSERT [dbo].[NganhHoc] ([MaNganh], [TenNganh], [Khoa]) VALUES (N'DS', N'Dược sĩ', N'Y Dược')
INSERT [dbo].[NganhHoc] ([MaNganh], [TenNganh], [Khoa]) VALUES (N'KT', N'Kế toán doanh nghiệp', N'Kinh tế')
INSERT [dbo].[NganhHoc] ([MaNganh], [TenNganh], [Khoa]) VALUES (N'MT', N'Công nghệ môi trường', N'KT-CN-MT')
INSERT [dbo].[NganhHoc] ([MaNganh], [TenNganh], [Khoa]) VALUES (N'PM', N'Kỹ thuật phần mềm', N'KT-CN-MT')
INSERT [dbo].[NganhHoc] ([MaNganh], [TenNganh], [Khoa]) VALUES (N'QR', N'Quản lý rừng', N'Nông nghiệp')
INSERT [dbo].[NganhHoc] ([MaNganh], [TenNganh], [Khoa]) VALUES (N'TH', N'Công nghệ thông tin', N'KT-CN-MT')
INSERT [dbo].[NganhHoc] ([MaNganh], [TenNganh], [Khoa]) VALUES (N'TS', N'Nuôi trồng thủy sản', N'Nông nghiệp')
GO
/****** Object:  Table [dbo].[MonHoc]    Script Date: 04/26/2014 21:39:21 ******/
INSERT [dbo].[MonHoc] ([MaMH], [TenMH], [STC], [LyThuyet], [ThucHanh]) VALUES (N'ACC101', N'Nguyên lý kế toán', 3, 35, 0)
INSERT [dbo].[MonHoc] ([MaMH], [TenMH], [STC], [LyThuyet], [ThucHanh]) VALUES (N'BUS104', N'Kỹ năng truyền thông', 2, 30, 0)
INSERT [dbo].[MonHoc] ([MaMH], [TenMH], [STC], [LyThuyet], [ThucHanh]) VALUES (N'COS301', N'Tin học đại cương 1', 3, 30, 30)
INSERT [dbo].[MonHoc] ([MaMH], [TenMH], [STC], [LyThuyet], [ThucHanh]) VALUES (N'COS303', N'Phương pháp tính - TH', 2, 30, 0)
INSERT [dbo].[MonHoc] ([MaMH], [TenMH], [STC], [LyThuyet], [ThucHanh]) VALUES (N'COS305', N'Lập trình C#', 3, 25, 40)
INSERT [dbo].[MonHoc] ([MaMH], [TenMH], [STC], [LyThuyet], [ThucHanh]) VALUES (N'COS309', N'CTDL 2', 3, 30, 0)
INSERT [dbo].[MonHoc] ([MaMH], [TenMH], [STC], [LyThuyet], [ThucHanh]) VALUES (N'COS315', N'Trí tuệ nhân tạo', 2, 25, 10)
INSERT [dbo].[MonHoc] ([MaMH], [TenMH], [STC], [LyThuyet], [ThucHanh]) VALUES (N'COS324', N'Kỹ thuật soạn thảo văn bản', 2, 20, 20)
INSERT [dbo].[MonHoc] ([MaMH], [TenMH], [STC], [LyThuyet], [ThucHanh]) VALUES (N'ENG102', N'Tiếng Anh 2', 4, 60, 0)
INSERT [dbo].[MonHoc] ([MaMH], [TenMH], [STC], [LyThuyet], [ThucHanh]) VALUES (N'MAT104', N'Toán A1', 3, 45, 0)
INSERT [dbo].[MonHoc] ([MaMH], [TenMH], [STC], [LyThuyet], [ThucHanh]) VALUES (N'MAX101', N'Mác - Lênin 1', 3, 45, 1)
INSERT [dbo].[MonHoc] ([MaMH], [TenMH], [STC], [LyThuyet], [ThucHanh]) VALUES (N'PHT101', N'Thể dục 1', 3, 10, 60)
INSERT [dbo].[MonHoc] ([MaMH], [TenMH], [STC], [LyThuyet], [ThucHanh]) VALUES (N'PRS101', N'Xác suất thống kê A', 3, 45, 0)
INSERT [dbo].[MonHoc] ([MaMH], [TenMH], [STC], [LyThuyet], [ThucHanh]) VALUES (N'SEE502', N'Thiết kế phần mềm', 3, 30, 30)
GO
/****** Object:  Table [dbo].[Lop]    Script Date: 04/26/2014 21:39:21 ******/
INSERT [dbo].[Lop] ([MaLop], [MaNganh]) VALUES (N'CD36TS', N'TS')
INSERT [dbo].[Lop] ([MaLop], [MaNganh]) VALUES (N'CD37TH', N'TH')
INSERT [dbo].[Lop] ([MaLop], [MaNganh]) VALUES (N'CD38TH', N'TH')
INSERT [dbo].[Lop] ([MaLop], [MaNganh]) VALUES (N'DH12TH', N'TH')
INSERT [dbo].[Lop] ([MaLop], [MaNganh]) VALUES (N'DH13KT', N'KT')
INSERT [dbo].[Lop] ([MaLop], [MaNganh]) VALUES (N'DH13MT', N'MT')
INSERT [dbo].[Lop] ([MaLop], [MaNganh]) VALUES (N'DH13QR', N'QR')
INSERT [dbo].[Lop] ([MaLop], [MaNganh]) VALUES (N'DH13TH', N'TH')
INSERT [dbo].[Lop] ([MaLop], [MaNganh]) VALUES (N'DH14PM', N'PM')
INSERT [dbo].[Lop] ([MaLop], [MaNganh]) VALUES (N'DH14TH', N'TH')
INSERT [dbo].[Lop] ([MaLop], [MaNganh]) VALUES (N'DH16DS', N'DS')
GO
/****** Object:  Table [dbo].[GiangVien]    Script Date: 04/26/2014 21:39:21 ******/
INSERT [dbo].[GiangVien] ([MaGV], [HoTen], [GioiTinh], [DiaChi], [MaTrinhDo]) VALUES (N'GV0001', N'Lê Văn Toán', 1, NULL, N'ThS')
INSERT [dbo].[GiangVien] ([MaGV], [HoTen], [GioiTinh], [DiaChi], [MaTrinhDo]) VALUES (N'GV0002', N'Trương Thị Diễm', 0, NULL, N'ThS')
INSERT [dbo].[GiangVien] ([MaGV], [HoTen], [GioiTinh], [DiaChi], [MaTrinhDo]) VALUES (N'GV0003', N'Nguyễn Văn Cỡn', 1, NULL, N'ThS')
INSERT [dbo].[GiangVien] ([MaGV], [HoTen], [GioiTinh], [DiaChi], [MaTrinhDo]) VALUES (N'GV0004', N'Trần Thị Thùy Trang', 0, NULL, N'CN')
INSERT [dbo].[GiangVien] ([MaGV], [HoTen], [GioiTinh], [DiaChi], [MaTrinhDo]) VALUES (N'GV0005', N'Nguyễn Văn Hùng', 1, NULL, N'CN')
INSERT [dbo].[GiangVien] ([MaGV], [HoTen], [GioiTinh], [DiaChi], [MaTrinhDo]) VALUES (N'GV0006', N'Nguyễn Hoàng Tùng', 1, NULL, N'CN')
INSERT [dbo].[GiangVien] ([MaGV], [HoTen], [GioiTinh], [DiaChi], [MaTrinhDo]) VALUES (N'GV0007', N'Vương Thị Mỹ Tâm', 0, NULL, N'TS')
INSERT [dbo].[GiangVien] ([MaGV], [HoTen], [GioiTinh], [DiaChi], [MaTrinhDo]) VALUES (N'GV0008', N'Nguyễn Văn Hòa', 1, NULL, N'TS')
INSERT [dbo].[GiangVien] ([MaGV], [HoTen], [GioiTinh], [DiaChi], [MaTrinhDo]) VALUES (N'GV0009', N'Khưu Huỳnh Như', 1, NULL, N'PhGS')
INSERT [dbo].[GiangVien] ([MaGV], [HoTen], [GioiTinh], [DiaChi], [MaTrinhDo]) VALUES (N'GV0010', N'Ngô Quốc Việt', 1, N'Hà Nội', N'GS')
INSERT [dbo].[GiangVien] ([MaGV], [HoTen], [GioiTinh], [DiaChi], [MaTrinhDo]) VALUES (N'GV0011', N'Nguyễn Hoàng Khắc Hiếu', 1, N'Hồ Chí Minh', N'ThS')
GO
/****** Object:  Table [dbo].[PhanCong] ******/
INSERT [dbo].[PhanCong] ([MaPC], [MaGV], [MaMH], [MaLop], [HocKy], [NamHoc]) VALUES (N'PC00001', N'GV0001', N'COS303', N'DH12TH', 2, 2014)
INSERT [dbo].[PhanCong] ([MaPC], [MaGV], [MaMH], [MaLop], [HocKy], [NamHoc]) VALUES (N'PC00002', N'GV0002', N'COS309', N'DH12TH', 2, 2014)
INSERT [dbo].[PhanCong] ([MaPC], [MaGV], [MaMH], [MaLop], [HocKy], [NamHoc]) VALUES (N'PC00003', N'GV0002', N'SEE502', N'DH12TH', 2, 2014)
INSERT [dbo].[PhanCong] ([MaPC], [MaGV], [MaMH], [MaLop], [HocKy], [NamHoc]) VALUES (N'PC00004', N'GV0006', N'COS305', N'CD37TH', 2, 2014)
INSERT [dbo].[PhanCong] ([MaPC], [MaGV], [MaMH], [MaLop], [HocKy], [NamHoc]) VALUES (N'PC00005', N'GV0011', N'BUS104', N'CD36TS', 2, 2014)
INSERT [dbo].[PhanCong] ([MaPC], [MaGV], [MaMH], [MaLop], [HocKy], [NamHoc]) VALUES (N'PC00006', N'GV0001', N'COS301', N'CD36TS', 1, 2014)
INSERT [dbo].[PhanCong] ([MaPC], [MaGV], [MaMH], [MaLop], [HocKy], [NamHoc]) VALUES (N'PC00007', N'GV0001', N'COS301', N'CD38TH', 2, 2014)
INSERT [dbo].[PhanCong] ([MaPC], [MaGV], [MaMH], [MaLop], [HocKy], [NamHoc]) VALUES (N'PC00008', N'GV0008', N'COS315', N'DH12TH', 2, 2013)
INSERT [dbo].[PhanCong] ([MaPC], [MaGV], [MaMH], [MaLop], [HocKy], [NamHoc]) VALUES (N'PC00009', N'GV0008', N'ENG102', N'CD38TH', 2, 2013)
INSERT [dbo].[PhanCong] ([MaPC], [MaGV], [MaMH], [MaLop], [HocKy], [NamHoc]) VALUES (N'PC00010', N'GV0005', N'MAX101', N'DH13QR', 1, 2012)
INSERT [dbo].[PhanCong] ([MaPC], [MaGV], [MaMH], [MaLop], [HocKy], [NamHoc]) VALUES (N'PC00011', N'GV0009', N'ACC101', N'DH13KT', 2, 2012)
INSERT [dbo].[PhanCong] ([MaPC], [MaGV], [MaMH], [MaLop], [HocKy], [NamHoc]) VALUES (N'PC00012', N'GV0003', N'MAT104', N'DH13MT', 2, 2014)
INSERT [dbo].[PhanCong] ([MaPC], [MaGV], [MaMH], [MaLop], [HocKy], [NamHoc]) VALUES (N'PC00013', N'GV0004', N'PRS101', N'DH13MT', 1, 2014)
INSERT [dbo].[PhanCong] ([MaPC], [MaGV], [MaMH], [MaLop], [HocKy], [NamHoc]) VALUES (N'PC00014', N'GV0004', N'PRS101', N'DH13QR', 1, 2014)
INSERT [dbo].[PhanCong] ([MaPC], [MaGV], [MaMH], [MaLop], [HocKy], [NamHoc]) VALUES (N'PC00015', N'GV0010', N'BUS104', N'DH13MT', 1, 2013)
INSERT [dbo].[PhanCong] ([MaPC], [MaGV], [MaMH], [MaLop], [HocKy], [NamHoc]) VALUES (N'PC00016', N'GV0006', N'COS305', N'CD38TH', 3, 2014)
INSERT [dbo].[PhanCong] ([MaPC], [MaGV], [MaMH], [MaLop], [HocKy], [NamHoc]) VALUES (N'PC00017', N'GV0007', N'PHT101', N'CD37TH', 1, 2013)
INSERT [dbo].[PhanCong] ([MaPC], [MaGV], [MaMH], [MaLop], [HocKy], [NamHoc]) VALUES (N'PC00018', N'GV0001', N'ACC101', N'DH13KT', 1, 2014)
GO
/****** Object:  Table [dbo].[SinhVien]    Script Date: 04/26/2014 21:39:58 ******/
INSERT [dbo].[SinhVien] ([MSSV], [HoTen], [NgaySinh], [DiaChi], [MaLop]) VALUES (N'CTH120001', N'Nguyễn Tấn Huy', CAST(0xEB1B0B00 AS Date), N'Thoại Sơn', N'CD37TH')
INSERT [dbo].[SinhVien] ([MSSV], [HoTen], [NgaySinh], [DiaChi], [MaLop]) VALUES (N'CTH120002', N'Huỳnh Minh Phương', CAST(0x7E1A0B00 AS Date), N'Cần Thơ', N'CD37TH')
INSERT [dbo].[SinhVien] ([MSSV], [HoTen], [NgaySinh], [DiaChi], [MaLop]) VALUES (N'CTH120003', N'Nguyễn Quang Quý', CAST(0x7E1A0B00 AS Date), NULL, N'CD37TH')
INSERT [dbo].[SinhVien] ([MSSV], [HoTen], [NgaySinh], [DiaChi], [MaLop]) VALUES (N'CTH120004', N'Trịnh Thanh Sang', CAST(0x7E1A0B00 AS Date), NULL, N'CD37TH')
INSERT [dbo].[SinhVien] ([MSSV], [HoTen], [NgaySinh], [DiaChi], [MaLop]) VALUES (N'CTH120005', N'Nguyễn Văn Sang', CAST(0x7E1A0B00 AS Date), NULL, N'CD37TH')
INSERT [dbo].[SinhVien] ([MSSV], [HoTen], [NgaySinh], [DiaChi], [MaLop]) VALUES (N'CTH120006', N'Chau Rốs Tanas', CAST(0x7E1A0B00 AS Date), NULL, N'CD37TH')
INSERT [dbo].[SinhVien] ([MSSV], [HoTen], [NgaySinh], [DiaChi], [MaLop]) VALUES (N'CTH120007', N'Nguyễn Ngọc Tấn', CAST(0x7E1A0B00 AS Date), NULL, N'CD37TH')
INSERT [dbo].[SinhVien] ([MSSV], [HoTen], [NgaySinh], [DiaChi], [MaLop]) VALUES (N'CTH120008', N'Nguyễn Văn Tập', CAST(0x7E1A0B00 AS Date), NULL, N'CD37TH')
INSERT [dbo].[SinhVien] ([MSSV], [HoTen], [NgaySinh], [DiaChi], [MaLop]) VALUES (N'CTH120009', N'Danh Tuấn Thanh', CAST(0x7E1A0B00 AS Date), NULL, N'CD37TH')
INSERT [dbo].[SinhVien] ([MSSV], [HoTen], [NgaySinh], [DiaChi], [MaLop]) VALUES (N'CTH120010', N'Lê Thị Thu Thảo', CAST(0x7E1A0B00 AS Date), NULL, N'CD37TH')
INSERT [dbo].[SinhVien] ([MSSV], [HoTen], [NgaySinh], [DiaChi], [MaLop]) VALUES (N'CTH120011', N'Nguyễn Thị Kim Thoa', CAST(0x7E1A0B00 AS Date), NULL, N'CD37TH')
INSERT [dbo].[SinhVien] ([MSSV], [HoTen], [NgaySinh], [DiaChi], [MaLop]) VALUES (N'CTH120012', N'Phạm Hồng Thuận', CAST(0x7E1A0B00 AS Date), NULL, N'CD37TH')
INSERT [dbo].[SinhVien] ([MSSV], [HoTen], [NgaySinh], [DiaChi], [MaLop]) VALUES (N'CTH120013', N'Trần Thị Cẩm Tiên', CAST(0x7E1A0B00 AS Date), NULL, N'CD37TH')
INSERT [dbo].[SinhVien] ([MSSV], [HoTen], [NgaySinh], [DiaChi], [MaLop]) VALUES (N'CTH120014', N'Lê Hồng Tơ', CAST(0x7E1A0B00 AS Date), NULL, N'CD37TH')
INSERT [dbo].[SinhVien] ([MSSV], [HoTen], [NgaySinh], [DiaChi], [MaLop]) VALUES (N'CTH120015', N'Triệu Minh Trí ', CAST(0x7E1A0B00 AS Date), NULL, N'CD37TH')
INSERT [dbo].[SinhVien] ([MSSV], [HoTen], [NgaySinh], [DiaChi], [MaLop]) VALUES (N'CTH120016', N'Bạch Thị Thanh Trúc', CAST(0x7E1A0B00 AS Date), NULL, N'CD37TH')
INSERT [dbo].[SinhVien] ([MSSV], [HoTen], [NgaySinh], [DiaChi], [MaLop]) VALUES (N'CTH120017', N'Võ Hoàng Tuấn', CAST(0x7E1A0B00 AS Date), NULL, N'CD37TH')
INSERT [dbo].[SinhVien] ([MSSV], [HoTen], [NgaySinh], [DiaChi], [MaLop]) VALUES (N'CTH120018', N'Lý Thế Vinh', CAST(0x691A0B00 AS Date), NULL, N'CD37TH')
INSERT [dbo].[SinhVien] ([MSSV], [HoTen], [NgaySinh], [DiaChi], [MaLop]) VALUES (N'CTH120019', N'Dương Thị Thu Yến', CAST(0xEB1B0B00 AS Date), NULL, N'CD37TH')
INSERT [dbo].[SinhVien] ([MSSV], [HoTen], [NgaySinh], [DiaChi], [MaLop]) VALUES (N'CTH120020', N'Nguyễn Thị Yến', CAST(0xEB1B0B00 AS Date), NULL, N'CD37TH')
INSERT [dbo].[SinhVien] ([MSSV], [HoTen], [NgaySinh], [DiaChi], [MaLop]) VALUES (N'CTH120021', N'Nguyễn Tiền An', CAST(0xEB1B0B00 AS Date), NULL, N'CD37TH')
INSERT [dbo].[SinhVien] ([MSSV], [HoTen], [NgaySinh], [DiaChi], [MaLop]) VALUES (N'CTH120022', N'Phạm Văn Ây', CAST(0xEB1B0B00 AS Date), NULL, N'CD37TH')
INSERT [dbo].[SinhVien] ([MSSV], [HoTen], [NgaySinh], [DiaChi], [MaLop]) VALUES (N'CTH120023', N'Nguyễn Chí Công', CAST(0xEB1B0B00 AS Date), NULL, N'CD37TH')
INSERT [dbo].[SinhVien] ([MSSV], [HoTen], [NgaySinh], [DiaChi], [MaLop]) VALUES (N'CTH120024', N'Võ Giang Cảnh', CAST(0xEB1B0B00 AS Date), NULL, N'CD37TH')
INSERT [dbo].[SinhVien] ([MSSV], [HoTen], [NgaySinh], [DiaChi], [MaLop]) VALUES (N'CTH120025', N'Nguyễn Thị Linh Chi', CAST(0xEB1B0B00 AS Date), NULL, N'CD37TH')
INSERT [dbo].[SinhVien] ([MSSV], [HoTen], [NgaySinh], [DiaChi], [MaLop]) VALUES (N'CTH120026', N'Bùi Thị Chinh', CAST(0xEB1B0B00 AS Date), NULL, N'CD37TH')
INSERT [dbo].[SinhVien] ([MSSV], [HoTen], [NgaySinh], [DiaChi], [MaLop]) VALUES (N'CTH120027', N'Nguyễn Mỹ Duyên', CAST(0xEB1B0B00 AS Date), NULL, N'CD37TH')
INSERT [dbo].[SinhVien] ([MSSV], [HoTen], [NgaySinh], [DiaChi], [MaLop]) VALUES (N'CTH120028', N'Nguyễn Tấn Đạt', CAST(0xEB1B0B00 AS Date), NULL, N'CD37TH')
INSERT [dbo].[SinhVien] ([MSSV], [HoTen], [NgaySinh], [DiaChi], [MaLop]) VALUES (N'CTH120029', N'Phùng Văn Đồng', CAST(0xEB1B0B00 AS Date), NULL, N'CD37TH')
INSERT [dbo].[SinhVien] ([MSSV], [HoTen], [NgaySinh], [DiaChi], [MaLop]) VALUES (N'CTH120030', N'Dương Thị Ngọc Giàu', CAST(0xEB1B0B00 AS Date), NULL, N'CD37TH')
INSERT [dbo].[SinhVien] ([MSSV], [HoTen], [NgaySinh], [DiaChi], [MaLop]) VALUES (N'CTH120031', N'Cao Sơn Trường Giang', CAST(0xEB1B0B00 AS Date), NULL, N'CD37TH')
INSERT [dbo].[SinhVien] ([MSSV], [HoTen], [NgaySinh], [DiaChi], [MaLop]) VALUES (N'CTH120032', N'Mai Trường Giang', CAST(0xEB1B0B00 AS Date), NULL, N'CD37TH')
INSERT [dbo].[SinhVien] ([MSSV], [HoTen], [NgaySinh], [DiaChi], [MaLop]) VALUES (N'CTH120033', N'Nguyễn Thị Phượng Hằng', CAST(0xC61E0B00 AS Date), NULL, N'CD37TH')
INSERT [dbo].[SinhVien] ([MSSV], [HoTen], [NgaySinh], [DiaChi], [MaLop]) VALUES (N'CTH120034', N'Phạm Thanh Hồ', CAST(0xC61E0B00 AS Date), NULL, N'CD37TH')
INSERT [dbo].[SinhVien] ([MSSV], [HoTen], [NgaySinh], [DiaChi], [MaLop]) VALUES (N'CTH120035', N'Khưu Văn Hiền', CAST(0xC61E0B00 AS Date), NULL, N'CD37TH')
INSERT [dbo].[SinhVien] ([MSSV], [HoTen], [NgaySinh], [DiaChi], [MaLop]) VALUES (N'CTH120036', N'Nguyễn Trần Vũ Huy', CAST(0xC61E0B00 AS Date), NULL, N'CD37TH')
INSERT [dbo].[SinhVien] ([MSSV], [HoTen], [NgaySinh], [DiaChi], [MaLop]) VALUES (N'CTH120037', N'Nguyễn Thị Pha Lê', CAST(0xC61E0B00 AS Date), NULL, N'CD37TH')
INSERT [dbo].[SinhVien] ([MSSV], [HoTen], [NgaySinh], [DiaChi], [MaLop]) VALUES (N'CTH130001', N'Lê Quách Đức Linh', CAST(0x7E1D0B00 AS Date), NULL, N'CD38TH')
INSERT [dbo].[SinhVien] ([MSSV], [HoTen], [NgaySinh], [DiaChi], [MaLop]) VALUES (N'CTH130002', N'Nguyễn Thị Mỹ', CAST(0x7E1D0B00 AS Date), NULL, N'CD38TH')
INSERT [dbo].[SinhVien] ([MSSV], [HoTen], [NgaySinh], [DiaChi], [MaLop]) VALUES (N'CTH130003', N'Trương Hoài Nam', CAST(0x7E1D0B00 AS Date), NULL, N'CD38TH')
INSERT [dbo].[SinhVien] ([MSSV], [HoTen], [NgaySinh], [DiaChi], [MaLop]) VALUES (N'CTH130004', N'Nguyễn Hồng Như', CAST(0x7E1D0B00 AS Date), NULL, N'CD38TH')
INSERT [dbo].[SinhVien] ([MSSV], [HoTen], [NgaySinh], [DiaChi], [MaLop]) VALUES (N'CTH130005', N'Nguyễn Minh Nhật', CAST(0x7E1D0B00 AS Date), NULL, N'CD38TH')
INSERT [dbo].[SinhVien] ([MSSV], [HoTen], [NgaySinh], [DiaChi], [MaLop]) VALUES (N'CTH130006', N'Lý Tấn Tài', CAST(0x7E1D0B00 AS Date), NULL, N'CD38TH')
INSERT [dbo].[SinhVien] ([MSSV], [HoTen], [NgaySinh], [DiaChi], [MaLop]) VALUES (N'CTH130007', N'Dương Thị Minh Thư', CAST(0x7E1D0B00 AS Date), NULL, N'CD38TH')
INSERT [dbo].[SinhVien] ([MSSV], [HoTen], [NgaySinh], [DiaChi], [MaLop]) VALUES (N'CTH130008', N'Nguyễn Thị Minh Thư', CAST(0x7E1D0B00 AS Date), NULL, N'CD38TH')
INSERT [dbo].[SinhVien] ([MSSV], [HoTen], [NgaySinh], [DiaChi], [MaLop]) VALUES (N'CTH130009', N'Lương Diệu Thái', CAST(0x7E1D0B00 AS Date), NULL, N'CD38TH')
INSERT [dbo].[SinhVien] ([MSSV], [HoTen], [NgaySinh], [DiaChi], [MaLop]) VALUES (N'CTH130010', N'Ngô Hiếu Thanh', CAST(0x7E1D0B00 AS Date), NULL, N'CD38TH')
INSERT [dbo].[SinhVien] ([MSSV], [HoTen], [NgaySinh], [DiaChi], [MaLop]) VALUES (N'CTH130011', N'Dương Trí Thức', CAST(0x7E1D0B00 AS Date), NULL, N'CD38TH')
INSERT [dbo].[SinhVien] ([MSSV], [HoTen], [NgaySinh], [DiaChi], [MaLop]) VALUES (N'CTH130012', N'Lê Nguyễn Thành Trung', CAST(0x7E1D0B00 AS Date), NULL, N'CD38TH')
INSERT [dbo].[SinhVien] ([MSSV], [HoTen], [NgaySinh], [DiaChi], [MaLop]) VALUES (N'CTH130013', N'Phạm Minh Trí', CAST(0x7E1D0B00 AS Date), NULL, N'CD38TH')
INSERT [dbo].[SinhVien] ([MSSV], [HoTen], [NgaySinh], [DiaChi], [MaLop]) VALUES (N'CTH130014', N'Hồ Văn Đức', CAST(0x7E1D0B00 AS Date), NULL, N'CD38TH')
INSERT [dbo].[SinhVien] ([MSSV], [HoTen], [NgaySinh], [DiaChi], [MaLop]) VALUES (N'CTH130015', N'Nguyễn Văn Giàu', CAST(0x7E1D0B00 AS Date), NULL, N'CD38TH')
INSERT [dbo].[SinhVien] ([MSSV], [HoTen], [NgaySinh], [DiaChi], [MaLop]) VALUES (N'CTH130016', N'Phạm Cao Minh Ngọc', CAST(0x7E1D0B00 AS Date), NULL, N'CD38TH')
INSERT [dbo].[SinhVien] ([MSSV], [HoTen], [NgaySinh], [DiaChi], [MaLop]) VALUES (N'CTH130017', N'Nguyễn Văn Thành', CAST(0x7E1D0B00 AS Date), NULL, N'CD38TH')
INSERT [dbo].[SinhVien] ([MSSV], [HoTen], [NgaySinh], [DiaChi], [MaLop]) VALUES (N'CTH130018', N'Nguyễn Thanh Trúc', CAST(0x7E1D0B00 AS Date), NULL, N'CD38TH')
INSERT [dbo].[SinhVien] ([MSSV], [HoTen], [NgaySinh], [DiaChi], [MaLop]) VALUES (N'CTS110001', N'Nhâm Quốc Toàn', CAST(0x7E1A0B00 AS Date), N'An Giang', N'CD36TS')
INSERT [dbo].[SinhVien] ([MSSV], [HoTen], [NgaySinh], [DiaChi], [MaLop]) VALUES (N'CTS110002', N'Quách Văn Hiệp', CAST(0x7E1A0B00 AS Date), NULL, N'CD36TS')
INSERT [dbo].[SinhVien] ([MSSV], [HoTen], [NgaySinh], [DiaChi], [MaLop]) VALUES (N'CTS110003', N'Nguyễn Tuấn Ngàn', CAST(0x7E1A0B00 AS Date), N'Đồng Tháp', N'CD36TS')
INSERT [dbo].[SinhVien] ([MSSV], [HoTen], [NgaySinh], [DiaChi], [MaLop]) VALUES (N'CTS110004', N'Nguyễn Anh Tuấn', CAST(0x7E1A0B00 AS Date), N'Kiên Giang', N'CD36TS')
INSERT [dbo].[SinhVien] ([MSSV], [HoTen], [NgaySinh], [DiaChi], [MaLop]) VALUES (N'DKT120001', N'Đàm Thanh Huyền', CAST(0xEB1B0B00 AS Date), NULL, N'DH13KT')
INSERT [dbo].[SinhVien] ([MSSV], [HoTen], [NgaySinh], [DiaChi], [MaLop]) VALUES (N'DKT120002', N'Trần Văn Huỳnh', CAST(0xEB1B0B00 AS Date), NULL, N'DH13KT')
INSERT [dbo].[SinhVien] ([MSSV], [HoTen], [NgaySinh], [DiaChi], [MaLop]) VALUES (N'DKT120003', N'Phạm Xuân Khắc', CAST(0xEB1B0B00 AS Date), NULL, N'DH13KT')
INSERT [dbo].[SinhVien] ([MSSV], [HoTen], [NgaySinh], [DiaChi], [MaLop]) VALUES (N'DMT120001', N'Hoàng Minh Khải', CAST(0xEB1B0B00 AS Date), NULL, N'DH13MT')
INSERT [dbo].[SinhVien] ([MSSV], [HoTen], [NgaySinh], [DiaChi], [MaLop]) VALUES (N'DMT120002', N'Nguyễn Nguyên Khang', CAST(0xEB1B0B00 AS Date), NULL, N'DH13MT')
INSERT [dbo].[SinhVien] ([MSSV], [HoTen], [NgaySinh], [DiaChi], [MaLop]) VALUES (N'DMT120003', N'Lê Thị Minh Khánh', CAST(0xEB1B0B00 AS Date), NULL, N'DH13MT')
INSERT [dbo].[SinhVien] ([MSSV], [HoTen], [NgaySinh], [DiaChi], [MaLop]) VALUES (N'DMT120004', N'Nguyễn Hoàng Việt Khánh', CAST(0xEB1B0B00 AS Date), NULL, N'DH13MT')
INSERT [dbo].[SinhVien] ([MSSV], [HoTen], [NgaySinh], [DiaChi], [MaLop]) VALUES (N'DMT120005', N'Đặng Yến Linh', CAST(0xEB1B0B00 AS Date), NULL, N'DH13MT')
INSERT [dbo].[SinhVien] ([MSSV], [HoTen], [NgaySinh], [DiaChi], [MaLop]) VALUES (N'DMT120006', N'Dương Thanh Long', CAST(0xEB1B0B00 AS Date), NULL, N'DH13MT')
INSERT [dbo].[SinhVien] ([MSSV], [HoTen], [NgaySinh], [DiaChi], [MaLop]) VALUES (N'DMT120007', N'Lê Bá Long', CAST(0xEB1B0B00 AS Date), NULL, N'DH13MT')
INSERT [dbo].[SinhVien] ([MSSV], [HoTen], [NgaySinh], [DiaChi], [MaLop]) VALUES (N'DMT120008', N'Dương Thị Tuyết Mai', CAST(0xEB1B0B00 AS Date), NULL, N'DH13MT')
INSERT [dbo].[SinhVien] ([MSSV], [HoTen], [NgaySinh], [DiaChi], [MaLop]) VALUES (N'DMT120009', N'Lại Vũ Mão', CAST(0xEB1B0B00 AS Date), NULL, N'DH13MT')
INSERT [dbo].[SinhVien] ([MSSV], [HoTen], [NgaySinh], [DiaChi], [MaLop]) VALUES (N'DMT120010', N'Nguyễn Bảo Ngọc', CAST(0xEB1B0B00 AS Date), NULL, N'DH13MT')
INSERT [dbo].[SinhVien] ([MSSV], [HoTen], [NgaySinh], [DiaChi], [MaLop]) VALUES (N'DMT120011', N'Lâm Tông Nguyên', CAST(0xEB1B0B00 AS Date), NULL, N'DH13MT')
INSERT [dbo].[SinhVien] ([MSSV], [HoTen], [NgaySinh], [DiaChi], [MaLop]) VALUES (N'DMT120012', N'Trần Đặng Khôi Nguyên', CAST(0xEB1B0B00 AS Date), NULL, N'DH13MT')
INSERT [dbo].[SinhVien] ([MSSV], [HoTen], [NgaySinh], [DiaChi], [MaLop]) VALUES (N'DMT120013', N'Mai Đỗ Thành Nhân', CAST(0xEB1B0B00 AS Date), NULL, N'DH13MT')
INSERT [dbo].[SinhVien] ([MSSV], [HoTen], [NgaySinh], [DiaChi], [MaLop]) VALUES (N'DMT120014', N'Vũ Việt Tùng', CAST(0xC61E0B00 AS Date), NULL, N'DH13MT')
INSERT [dbo].[SinhVien] ([MSSV], [HoTen], [NgaySinh], [DiaChi], [MaLop]) VALUES (N'DQR120001', N'Trần Thị Như Ngọc', CAST(0x581D0B00 AS Date), NULL, N'DH13QR')
INSERT [dbo].[SinhVien] ([MSSV], [HoTen], [NgaySinh], [DiaChi], [MaLop]) VALUES (N'DQR120002', N'Lê Minh Quân', CAST(0x581D0B00 AS Date), NULL, N'DH13QR')
INSERT [dbo].[SinhVien] ([MSSV], [HoTen], [NgaySinh], [DiaChi], [MaLop]) VALUES (N'DQR120003', N'Nguyễn Trọng Quân', CAST(0x581D0B00 AS Date), NULL, N'DH13QR')
INSERT [dbo].[SinhVien] ([MSSV], [HoTen], [NgaySinh], [DiaChi], [MaLop]) VALUES (N'DQR120004', N'Lê Thiện Tài', CAST(0x581D0B00 AS Date), NULL, N'DH13QR')
INSERT [dbo].[SinhVien] ([MSSV], [HoTen], [NgaySinh], [DiaChi], [MaLop]) VALUES (N'DQR120005', N'Nguyễn Duy Tân', CAST(0x581D0B00 AS Date), NULL, N'DH13QR')
INSERT [dbo].[SinhVien] ([MSSV], [HoTen], [NgaySinh], [DiaChi], [MaLop]) VALUES (N'DQR120006', N'Vương Thị Tân', CAST(0x581D0B00 AS Date), NULL, N'DH13QR')
INSERT [dbo].[SinhVien] ([MSSV], [HoTen], [NgaySinh], [DiaChi], [MaLop]) VALUES (N'DQR120007', N'Đặng Đức Thắng', CAST(0x581D0B00 AS Date), NULL, N'DH13QR')
INSERT [dbo].[SinhVien] ([MSSV], [HoTen], [NgaySinh], [DiaChi], [MaLop]) VALUES (N'DQR120008', N'Lê Cao Minh Thành', CAST(0x581D0B00 AS Date), NULL, N'DH13QR')
INSERT [dbo].[SinhVien] ([MSSV], [HoTen], [NgaySinh], [DiaChi], [MaLop]) VALUES (N'DQR120009', N'Nguyễn Hương Thanh', CAST(0x581D0B00 AS Date), NULL, N'DH13QR')
INSERT [dbo].[SinhVien] ([MSSV], [HoTen], [NgaySinh], [DiaChi], [MaLop]) VALUES (N'DQR120010', N'Trương Trần Thế', CAST(0x581D0B00 AS Date), NULL, N'DH13QR')
INSERT [dbo].[SinhVien] ([MSSV], [HoTen], [NgaySinh], [DiaChi], [MaLop]) VALUES (N'DQR120011', N'Phạm Trí Thịnh', CAST(0x581D0B00 AS Date), NULL, N'DH13QR')
INSERT [dbo].[SinhVien] ([MSSV], [HoTen], [NgaySinh], [DiaChi], [MaLop]) VALUES (N'DQR120012', N'Nguyễn Thị Anh Thơ', CAST(0x581D0B00 AS Date), NULL, N'DH13QR')
INSERT [dbo].[SinhVien] ([MSSV], [HoTen], [NgaySinh], [DiaChi], [MaLop]) VALUES (N'DQR120013', N'Đặng Hoàng Thông', CAST(0x581D0B00 AS Date), NULL, N'DH13QR')
INSERT [dbo].[SinhVien] ([MSSV], [HoTen], [NgaySinh], [DiaChi], [MaLop]) VALUES (N'DQR120014', N'Đỗ Thị Lệ Thủy', CAST(0x581D0B00 AS Date), NULL, N'DH13QR')
INSERT [dbo].[SinhVien] ([MSSV], [HoTen], [NgaySinh], [DiaChi], [MaLop]) VALUES (N'DQR120015', N'Phạm Ngọc Tiến', CAST(0x581D0B00 AS Date), NULL, N'DH13QR')
INSERT [dbo].[SinhVien] ([MSSV], [HoTen], [NgaySinh], [DiaChi], [MaLop]) VALUES (N'DQR120016', N'Nguyễn Văn Tiệp', CAST(0x581D0B00 AS Date), NULL, N'DH13QR')
INSERT [dbo].[SinhVien] ([MSSV], [HoTen], [NgaySinh], [DiaChi], [MaLop]) VALUES (N'DQR120017', N'Lê Mai Tú', CAST(0x581D0B00 AS Date), NULL, N'DH13QR')
INSERT [dbo].[SinhVien] ([MSSV], [HoTen], [NgaySinh], [DiaChi], [MaLop]) VALUES (N'DQR120018', N'Nguyễn Mạnh Tú', CAST(0x581D0B00 AS Date), NULL, N'DH13QR')
INSERT [dbo].[SinhVien] ([MSSV], [HoTen], [NgaySinh], [DiaChi], [MaLop]) VALUES (N'DQR120019', N'Lê Văn Tuấn', CAST(0x581D0B00 AS Date), NULL, N'DH13QR')
INSERT [dbo].[SinhVien] ([MSSV], [HoTen], [NgaySinh], [DiaChi], [MaLop]) VALUES (N'DTH110001', N'Chau Kim Anh', CAST(0x891A0B00 AS Date), NULL, N'DH12TH')
INSERT [dbo].[SinhVien] ([MSSV], [HoTen], [NgaySinh], [DiaChi], [MaLop]) VALUES (N'DTH110002', N'Nguyễn Ra Ba', CAST(0x891A0B00 AS Date), NULL, N'DH12TH')
INSERT [dbo].[SinhVien] ([MSSV], [HoTen], [NgaySinh], [DiaChi], [MaLop]) VALUES (N'DTH110003', N'Ha Mi Dah', CAST(0x891A0B00 AS Date), NULL, N'DH12TH')
INSERT [dbo].[SinhVien] ([MSSV], [HoTen], [NgaySinh], [DiaChi], [MaLop]) VALUES (N'DTH110004', N'Nguyễn Hải Đăng', CAST(0x891A0B00 AS Date), NULL, N'DH12TH')
INSERT [dbo].[SinhVien] ([MSSV], [HoTen], [NgaySinh], [DiaChi], [MaLop]) VALUES (N'DTH110005', N'Lê Thành Được', CAST(0x891A0B00 AS Date), NULL, N'DH12TH')
INSERT [dbo].[SinhVien] ([MSSV], [HoTen], [NgaySinh], [DiaChi], [MaLop]) VALUES (N'DTH110006', N'Nguyễn Minh Hải', CAST(0x891A0B00 AS Date), NULL, N'DH12TH')
INSERT [dbo].[SinhVien] ([MSSV], [HoTen], [NgaySinh], [DiaChi], [MaLop]) VALUES (N'DTH110007', N'Võ Thị Thanh Hằng', CAST(0x891A0B00 AS Date), NULL, N'DH12TH')
INSERT [dbo].[SinhVien] ([MSSV], [HoTen], [NgaySinh], [DiaChi], [MaLop]) VALUES (N'DTH110008', N'Nguyễn Thị Ngọc Hiền', CAST(0x891A0B00 AS Date), NULL, N'DH12TH')
INSERT [dbo].[SinhVien] ([MSSV], [HoTen], [NgaySinh], [DiaChi], [MaLop]) VALUES (N'DTH110009', N'Cao Hữu Thành Huy', CAST(0x891A0B00 AS Date), NULL, N'DH12TH')
INSERT [dbo].[SinhVien] ([MSSV], [HoTen], [NgaySinh], [DiaChi], [MaLop]) VALUES (N'DTH110010', N'Đặng Hoàng Khải', CAST(0x891A0B00 AS Date), NULL, N'DH12TH')
INSERT [dbo].[SinhVien] ([MSSV], [HoTen], [NgaySinh], [DiaChi], [MaLop]) VALUES (N'DTH110011', N'Trần Quang Khải', CAST(0x891A0B00 AS Date), NULL, N'DH12TH')
INSERT [dbo].[SinhVien] ([MSSV], [HoTen], [NgaySinh], [DiaChi], [MaLop]) VALUES (N'DTH110012', N'Trần Điền Khang', CAST(0x891A0B00 AS Date), NULL, N'DH12TH')
INSERT [dbo].[SinhVien] ([MSSV], [HoTen], [NgaySinh], [DiaChi], [MaLop]) VALUES (N'DTH110013', N'Lê Trương Yến Khanh', CAST(0x891A0B00 AS Date), NULL, N'DH12TH')
INSERT [dbo].[SinhVien] ([MSSV], [HoTen], [NgaySinh], [DiaChi], [MaLop]) VALUES (N'DTH110014', N'Liêu Minh Khánh', CAST(0x891A0B00 AS Date), NULL, N'DH12TH')
INSERT [dbo].[SinhVien] ([MSSV], [HoTen], [NgaySinh], [DiaChi], [MaLop]) VALUES (N'DTH110015', N'Neàng Khiêu', CAST(0x891A0B00 AS Date), NULL, N'DH12TH')
INSERT [dbo].[SinhVien] ([MSSV], [HoTen], [NgaySinh], [DiaChi], [MaLop]) VALUES (N'DTH110016', N'Lê Văn Lượm', CAST(0x891A0B00 AS Date), NULL, N'DH12TH')
INSERT [dbo].[SinhVien] ([MSSV], [HoTen], [NgaySinh], [DiaChi], [MaLop]) VALUES (N'DTH110017', N'Bùi Minh Lý', CAST(0x891A0B00 AS Date), NULL, N'DH12TH')
INSERT [dbo].[SinhVien] ([MSSV], [HoTen], [NgaySinh], [DiaChi], [MaLop]) VALUES (N'DTH110018', N'Trần Phú Hải Lý', CAST(0x891A0B00 AS Date), NULL, N'DH12TH')
INSERT [dbo].[SinhVien] ([MSSV], [HoTen], [NgaySinh], [DiaChi], [MaLop]) VALUES (N'DTH110019', N'Nguyễn Thị Mãi', CAST(0x891A0B00 AS Date), NULL, N'DH12TH')
INSERT [dbo].[SinhVien] ([MSSV], [HoTen], [NgaySinh], [DiaChi], [MaLop]) VALUES (N'DTH110020', N'Nguyễn Khải Minh', CAST(0x891A0B00 AS Date), NULL, N'DH12TH')
INSERT [dbo].[SinhVien] ([MSSV], [HoTen], [NgaySinh], [DiaChi], [MaLop]) VALUES (N'DTH110021', N'Nguyễn Thành Nam', CAST(0x891A0B00 AS Date), NULL, N'DH12TH')
INSERT [dbo].[SinhVien] ([MSSV], [HoTen], [NgaySinh], [DiaChi], [MaLop]) VALUES (N'DTH110022', N'Võ Thị Cẩm Ngân', CAST(0x891A0B00 AS Date), NULL, N'DH12TH')
INSERT [dbo].[SinhVien] ([MSSV], [HoTen], [NgaySinh], [DiaChi], [MaLop]) VALUES (N'DTH110023', N'Nguyễn Điền Nguyên', CAST(0x891A0B00 AS Date), NULL, N'DH12TH')
INSERT [dbo].[SinhVien] ([MSSV], [HoTen], [NgaySinh], [DiaChi], [MaLop]) VALUES (N'DTH110024', N'Phan Hải Phú', CAST(0x891A0B00 AS Date), NULL, N'DH12TH')
INSERT [dbo].[SinhVien] ([MSSV], [HoTen], [NgaySinh], [DiaChi], [MaLop]) VALUES (N'DTH110025', N'Nguyễn Văn Sĩ Phú', CAST(0x891A0B00 AS Date), NULL, N'DH12TH')
INSERT [dbo].[SinhVien] ([MSSV], [HoTen], [NgaySinh], [DiaChi], [MaLop]) VALUES (N'DTH110026', N'Nguyễn Hữu Phước', CAST(0x891A0B00 AS Date), NULL, N'DH12TH')
INSERT [dbo].[SinhVien] ([MSSV], [HoTen], [NgaySinh], [DiaChi], [MaLop]) VALUES (N'DTH110027', N'Huỳnh Minh Phương', CAST(0x891A0B00 AS Date), NULL, N'DH12TH')
INSERT [dbo].[SinhVien] ([MSSV], [HoTen], [NgaySinh], [DiaChi], [MaLop]) VALUES (N'DTH110028', N'Hồ Ngọc An', CAST(0xC61E0B00 AS Date), NULL, N'DH12TH')
INSERT [dbo].[SinhVien] ([MSSV], [HoTen], [NgaySinh], [DiaChi], [MaLop]) VALUES (N'DTH110029', N'Lê Tuấn Anh', CAST(0xC61E0B00 AS Date), NULL, N'DH12TH')
INSERT [dbo].[SinhVien] ([MSSV], [HoTen], [NgaySinh], [DiaChi], [MaLop]) VALUES (N'DTH110030', N'Lê Vân Anh', CAST(0xC61E0B00 AS Date), NULL, N'DH12TH')
INSERT [dbo].[SinhVien] ([MSSV], [HoTen], [NgaySinh], [DiaChi], [MaLop]) VALUES (N'DTH110031', N'Đinh Tiến Dũng', CAST(0xC61E0B00 AS Date), NULL, N'DH12TH')
INSERT [dbo].[SinhVien] ([MSSV], [HoTen], [NgaySinh], [DiaChi], [MaLop]) VALUES (N'DTH110032', N'Vũ Thị Mai Hạnh', CAST(0xC61E0B00 AS Date), NULL, N'DH12TH')
INSERT [dbo].[SinhVien] ([MSSV], [HoTen], [NgaySinh], [DiaChi], [MaLop]) VALUES (N'DTH110033', N'Nguyễn Thị Hằng', CAST(0xC61E0B00 AS Date), NULL, N'DH12TH')
INSERT [dbo].[SinhVien] ([MSSV], [HoTen], [NgaySinh], [DiaChi], [MaLop]) VALUES (N'DTH110034', N'Cao Minh Hiền', CAST(0xC61E0B00 AS Date), NULL, N'DH12TH')
INSERT [dbo].[SinhVien] ([MSSV], [HoTen], [NgaySinh], [DiaChi], [MaLop]) VALUES (N'DTH110035', N'Cao Minh Hậu', CAST(0xC61E0B00 AS Date), NULL, N'DH12TH')
INSERT [dbo].[SinhVien] ([MSSV], [HoTen], [NgaySinh], [DiaChi], [MaLop]) VALUES (N'DTH110036', N'Nguyễn Minh Hiếu', CAST(0xC61E0B00 AS Date), NULL, N'DH12TH')
INSERT [dbo].[SinhVien] ([MSSV], [HoTen], [NgaySinh], [DiaChi], [MaLop]) VALUES (N'DTH110037', N'Trần Công Hiệu', CAST(0xC61E0B00 AS Date), NULL, N'DH12TH')
INSERT [dbo].[SinhVien] ([MSSV], [HoTen], [NgaySinh], [DiaChi], [MaLop]) VALUES (N'DTH110038', N'Nguyễn Thị Hoài', CAST(0xC61E0B00 AS Date), NULL, N'DH12TH')
INSERT [dbo].[SinhVien] ([MSSV], [HoTen], [NgaySinh], [DiaChi], [MaLop]) VALUES (N'DTH110039', N'Lã Minh Hoàng', CAST(0xC61E0B00 AS Date), NULL, N'DH12TH')
INSERT [dbo].[SinhVien] ([MSSV], [HoTen], [NgaySinh], [DiaChi], [MaLop]) VALUES (N'DTH110040', N'Nguyễn Duy Hưng', CAST(0x7E1A0B00 AS Date), NULL, N'DH12TH')
GO
/****** Object:  Table [dbo].[DeNghi] ******/
INSERT [dbo].[DeNghi] ([MaPC], [BuoiHoc]) VALUES (N'PC00001', 2)
INSERT [dbo].[DeNghi] ([MaPC], [BuoiHoc]) VALUES (N'PC00001', 6)
INSERT [dbo].[DeNghi] ([MaPC], [BuoiHoc]) VALUES (N'PC00001', 7)
INSERT [dbo].[DeNghi] ([MaPC], [BuoiHoc]) VALUES (N'PC00001', 15)
INSERT [dbo].[DeNghi] ([MaPC], [BuoiHoc]) VALUES (N'PC00001', 20)
INSERT [dbo].[DeNghi] ([MaPC], [BuoiHoc]) VALUES (N'PC00001', 25)
INSERT [dbo].[DeNghi] ([MaPC], [BuoiHoc]) VALUES (N'PC00002', 16)
INSERT [dbo].[DeNghi] ([MaPC], [BuoiHoc]) VALUES (N'PC00002', 20)
INSERT [dbo].[DeNghi] ([MaPC], [BuoiHoc]) VALUES (N'PC00003', 19)
INSERT [dbo].[DeNghi] ([MaPC], [BuoiHoc]) VALUES (N'PC00004', 11)
INSERT [dbo].[DeNghi] ([MaPC], [BuoiHoc]) VALUES (N'PC00004', 12)
INSERT [dbo].[DeNghi] ([MaPC], [BuoiHoc]) VALUES (N'PC00004', 22)
INSERT [dbo].[DeNghi] ([MaPC], [BuoiHoc]) VALUES (N'PC00005', 13)
INSERT [dbo].[DeNghi] ([MaPC], [BuoiHoc]) VALUES (N'PC00005', 14)
INSERT [dbo].[DeNghi] ([MaPC], [BuoiHoc]) VALUES (N'PC00005', 21)
INSERT [dbo].[DeNghi] ([MaPC], [BuoiHoc]) VALUES (N'PC00005', 23)
INSERT [dbo].[DeNghi] ([MaPC], [BuoiHoc]) VALUES (N'PC00007', 3)
INSERT [dbo].[DeNghi] ([MaPC], [BuoiHoc]) VALUES (N'PC00007', 5)
INSERT [dbo].[DeNghi] ([MaPC], [BuoiHoc]) VALUES (N'PC00007', 24)
INSERT [dbo].[DeNghi] ([MaPC], [BuoiHoc]) VALUES (N'PC00012', 9)
INSERT [dbo].[DeNghi] ([MaPC], [BuoiHoc]) VALUES (N'PC00012', 10)
INSERT [dbo].[DeNghi] ([MaPC], [BuoiHoc]) VALUES (N'PC00012', 21)
GO
/****** Object:  Table [dbo].[ThoiKhoaBieu] ******/
INSERT [dbo].[ThoiKhoaBieu] ([MaPC], [BuoiHoc], [MaPhong], [CoDay], [DaThanhToan]) VALUES (N'PC00001', 2, N'HT600', 0, 0)
INSERT [dbo].[ThoiKhoaBieu] ([MaPC], [BuoiHoc], [MaPhong], [CoDay], [DaThanhToan]) VALUES (N'PC00001', 6, N'D201', 0, 0)
INSERT [dbo].[ThoiKhoaBieu] ([MaPC], [BuoiHoc], [MaPhong], [CoDay], [DaThanhToan]) VALUES (N'PC00001', 7, N'HT600', 1, 0)
INSERT [dbo].[ThoiKhoaBieu] ([MaPC], [BuoiHoc], [MaPhong], [CoDay], [DaThanhToan]) VALUES (N'PC00002', 20, N'HT150A', 0, 0)
INSERT [dbo].[ThoiKhoaBieu] ([MaPC], [BuoiHoc], [MaPhong], [CoDay], [DaThanhToan]) VALUES (N'PC00003', 19, N'B303', 0, 0)
INSERT [dbo].[ThoiKhoaBieu] ([MaPC], [BuoiHoc], [MaPhong], [CoDay], [DaThanhToan]) VALUES (N'PC00004', 11, N'D201', 1, 1)
INSERT [dbo].[ThoiKhoaBieu] ([MaPC], [BuoiHoc], [MaPhong], [CoDay], [DaThanhToan]) VALUES (N'PC00004', 12, N'B303', 1, 0)
INSERT [dbo].[ThoiKhoaBieu] ([MaPC], [BuoiHoc], [MaPhong], [CoDay], [DaThanhToan]) VALUES (N'PC00005', 13, N'C505', 0, 0)
INSERT [dbo].[ThoiKhoaBieu] ([MaPC], [BuoiHoc], [MaPhong], [CoDay], [DaThanhToan]) VALUES (N'PC00005', 14, N'D202', 0, 0)
INSERT [dbo].[ThoiKhoaBieu] ([MaPC], [BuoiHoc], [MaPhong], [CoDay], [DaThanhToan]) VALUES (N'PC00007', 3, N'HT600', 1, 1)
INSERT [dbo].[ThoiKhoaBieu] ([MaPC], [BuoiHoc], [MaPhong], [CoDay], [DaThanhToan]) VALUES (N'PC00007', 5, N'C505', 1, 0)
INSERT [dbo].[ThoiKhoaBieu] ([MaPC], [BuoiHoc], [MaPhong], [CoDay], [DaThanhToan]) VALUES (N'PC00007', 24, N'B303', 1, 0)
INSERT [dbo].[ThoiKhoaBieu] ([MaPC], [BuoiHoc], [MaPhong], [CoDay], [DaThanhToan]) VALUES (N'PC00012', 9, N'B303', 0, 0)
INSERT [dbo].[ThoiKhoaBieu] ([MaPC], [BuoiHoc], [MaPhong], [CoDay], [DaThanhToan]) VALUES (N'PC00012', 10, N'C505', 1, 0)
GO