USE master 
GO
IF EXISTS
(
	SELECT * 
	FROM   master..sysdatabases 
	WHERE  name = N'GuiTietKiem'
)
DROP DATABASE GuiTietKiem
GO

CREATE DATABASE GuiTietKiem
/*ON
(
	NAME		= 'GuiTietKiem',
	FILENAME	= 'C:\GuiTietKiem.MDF',
	SIZE		= 20,
	MAXSIZE		= 100,
	FILEGROWTH	= 5
)*/
GO

USE GuiTietKiem
GO

/*===============================Tbl.QUYEN===============================================================*/
IF EXISTS(
	SELECT NAME
	FROM SYSOBJECTS
	WHERE NAME=N'QUYEN' AND TYPE='U'
)
DROP TABLE QUYEN

CREATE TABLE QUYEN
(
	MaQuyen		VARCHAR (10)	NOT NULL	PRIMARY KEY,
	TenQuyen	NVARCHAR (30)	NOT NULL
)

INSERT INTO QUYEN VALUES('MQ001','Manager')
INSERT INTO QUYEN VALUES('MQ002','Users')
INSERT INTO QUYEN VALUES('MQ003','Admin')

/*DELETE QUYEN*/

/*===============================Tbl.NHOM_NGUOI_DUNG===============================================================*/
IF EXISTS(
	SELECT NAME
	FROM SYSOBJECTS
	WHERE NAME=N'NHOM_NGUOI_DUNG' AND TYPE='U'
)
DROP TABLE NHOM_NGUOI_DUNG
GO

CREATE TABLE NHOM_NGUOI_DUNG
(
	MaNhomNguoiDung		VARCHAR (10)		NOT NULL	PRIMARY KEY,
	TenNhomNguoiDung	NVARCHAR (30)	NOT NULL
)

INSERT INTO NHOM_NGUOI_DUNG VALUES('PHGKT','phong ke toan')
INSERT INTO NHOM_NGUOI_DUNG VALUES('PHGTD','phong tin dung')
INSERT INTO NHOM_NGUOI_DUNG VALUES('PHGTT','phong thong tin')
INSERT INTO NHOM_NGUOI_DUNG VALUES('PHGCC','ban dieu hanh')

/*DELETE NHOM_NGUOI_DUNG*/

/*===============================Tbl.PHONG_GIAO_DICH===============================================================*/
IF EXISTS(
	SELECT NAME
	FROM SYSOBJECTS
	WHERE NAME=N'PHONG_GIAO_DICH' AND TYPE='U'
)
DROP TABLE PHONG_GIAO_DICH
GO

CREATE TABLE PHONG_GIAO_DICH
(
	MaPhongGiaoDich	VARCHAR (10)	NOT NULL	PRIMARY KEY,
	TenPhong NVARCHAR (255)		NOT NULL,
	DiaDiem	NVARCHAR (255)		NOT NULL, 
	DienThoai	VARCHAR (20)	
)

INSERT INTO PHONG_GIAO_DICH VALUES('PGDLX','Chi nhanh Long Xuyen','248 Tran Hung Dao - TP.LongXuyen','076.3841706')
INSERT INTO PHONG_GIAO_DICH VALUES('PGDCD','Chi nhanh Chau Doc','Trung Nu Vuong (noi dai), P.Chau Phu B - TX.Chau Doc','076.3550484')
INSERT INTO PHONG_GIAO_DICH VALUES('PGDMB','Phong giao dich My Binh','86 Tran Hung Dao, Phoung My Binh - TP.LongXuyen','076.3957133')
INSERT INTO PHONG_GIAO_DICH VALUES('PGDCT','Phong giao dich Chau Thanh','QL 91, TT.An Chau - Huyen Chau Thanh','076.3651900')
INSERT INTO PHONG_GIAO_DICH VALUES('PGDCP','Phong giao dich Chau Phu','QL 91, To 3, Ap Binh Hoa, TT.Cai Dau - Huyen Chau Phu','076.3684079')
INSERT INTO PHONG_GIAO_DICH VALUES('PGDAP','Phong giao dich An Phu','592 Bach Dang, TT.An Phu - Huyen An Phu','076.3511956')
INSERT INTO PHONG_GIAO_DICH VALUES('PGDTS','Phong giao dich Thoai Son','349 Nguyen Hue, TT.Nui Sap - Huyen Thoai Son','076.3712134')
INSERT INTO PHONG_GIAO_DICH VALUES('PGDPT','Phong giao dich Phu Tan','781 QL 954, TT.Phu My - Huyen Phu Tan','076.3587512')
INSERT INTO PHONG_GIAO_DICH VALUES('PGDXT','Phong giao dich Xuan To','So 502/10, QL 91, khom Xuan Hoa, TT.Tinh Bien - Huyen Tinh Bien','076.3751535')
INSERT INTO PHONG_GIAO_DICH VALUES('PGDVA','Phong giao dich Vinh An','Cum dan cu cau so 8, xa Vinh An - Huyen Chau Thanh','076.3839433')
INSERT INTO PHONG_GIAO_DICH VALUES('PGDTC','Phong giao dich Tan Chau','5C+1 Hai Ba Trung, TTTMTT.Tan Chau - Huyen Tan Chau','076.3533324')
INSERT INTO PHONG_GIAO_DICH VALUES('PGDTT','Phong giao dich Tri Ton','31 Tran Hung Dao,TT.Tri Ton - Huyen Tri Ton','076.3772508')
INSERT INTO PHONG_GIAO_DICH VALUES('PGDML','Phong giao dich My Luong','559, Ap Thi2, TT.My Luong - Huyen Cho Moi','076.3625465')

/*DELETE PHONG_GIAO_DICH*/

/*===============================Tbl.QUAY_GIAO_DICH===============================================================*/
IF EXISTS(
	SELECT NAME
	FROM SYSOBJECTS
	WHERE NAME=N'QUAY_GIAO_DICH' AND TYPE='U'
)
DROP TABLE QUAY_GIAO_DICH
GO

CREATE TABLE QUAY_GIAO_DICH
(
	MaPhongGiaoDich	VARCHAR (10)		NOT NULL,
	MaQuayGiaoDich	VARCHAR (10)		NOT NULL	
		CONSTRAINT P_QUAY_GIAO_DICH PRIMARY KEY(MaQuayGiaoDich),
		CONSTRAINT F_QUAY_GIAO_DICH FOREIGN KEY(MaPhongGiaoDich) REFERENCES PHONG_GIAO_DICH(MaPhongGiaoDich) 		
)

INSERT INTO QUAY_GIAO_DICH VALUES('PGDLX','MQLX1')
INSERT INTO QUAY_GIAO_DICH VALUES('PGDLX','MQLX2')
INSERT INTO QUAY_GIAO_DICH VALUES('PGDLX','MQLX3')
INSERT INTO QUAY_GIAO_DICH VALUES('PGDLX','MQLX4')
INSERT INTO QUAY_GIAO_DICH VALUES('PGDAP','MQAP1')
INSERT INTO QUAY_GIAO_DICH VALUES('PGDAP','MQAP2')

/*DELETE QUAY_GIAO_DICH*/
/*===============================Tbl5.NHAN_VIEN===============================================================*/
IF EXISTS(
	SELECT NAME
	FROM SYSOBJECTS
	WHERE NAME=N'NHAN_VIEN' AND TYPE='U'
)
DROP TABLE NHAN_VIEN
GO

CREATE TABLE NHAN_VIEN
(
	MaNV	VARCHAR (10) NOT NULL PRIMARY KEY,
	HoTen	NVARCHAR (50) NOT NULL,
	NgaySinh DATETIME,
	DiaChi	NVARCHAR (50) NOT NULL,
	DienThoai	VARCHAR (20),
	MaPhongGiaoDich	VARCHAR (10) NOT NULL
		CONSTRAINT F1_NHAN_VIEN FOREIGN KEY(MaPhongGiaoDich) REFERENCES PHONG_GIAO_DICH(MaPhongGiaoDich) 		
)	

INSERT INTO NHAN_VIEN VALUES('MM000001','Tran Thi Thu Dung','02/10/1971','Long Xuyen','0918356653','PGDLX')
INSERT INTO NHAN_VIEN VALUES('MM000002','Pham Chi Thanh','12/04/1977','Long Xuyen','0918451154','PGDLX')
INSERT INTO NHAN_VIEN VALUES('MM000003','Nguyen Thanh Hai','11/26/1979','Long Xuyen','0976321123','PGDLX')
INSERT INTO NHAN_VIEN VALUES('MM000004','Ha Thi Ngoc Bich','10/24/1965','Long Xuyen','0918500100','PGDLX')
INSERT INTO NHAN_VIEN VALUES('MM000005','Lam Truyen Nghiep','04/29/1980','Cho Moi','094561651','PGDLX')
INSERT INTO NHAN_VIEN VALUES('MM000006','Le Thi Mai Ngan','07/27/1984','Can Tho','076.3584081','PGDLX')
INSERT INTO NHAN_VIEN VALUES('MM000007','Hong Tu Trinh','12/04/1986','Cho Moi','0125536635','PGDLX')
INSERT INTO NHAN_VIEN VALUES('MM000008','Ho Hong Loan','09/22/1983','Thoai Son','094567321','PGDLX')
INSERT INTO NHAN_VIEN VALUES('MM000009','Huynh Thanh Huong','12/04/1964','My Xuyen','094567001','PGDLX')
INSERT INTO NHAN_VIEN VALUES('MM000010','Tran Van Phu','02/12/1981','Phu Tan','0918001321','PGDLX')
INSERT INTO NHAN_VIEN VALUES('MM000011','Phan Hong Nhung','02/04/1987','Tri Ton','0976630315','PGDLX')

/*DELETE NHAN_VIEN
*/
/*===============================Tbl6.GIAO_DICH_VIEN===============================================================*/
IF EXISTS(
	SELECT NAME
	FROM SYSOBJECTS
	WHERE NAME=N'GIAO_DICH_VIEN' AND TYPE='U'
)
DROP TABLE GIAO_DICH_VIEN
GO

CREATE TABLE GIAO_DICH_VIEN
(
	MaNV	VARCHAR (10) NOT NULL PRIMARY KEY,
	HanMucthu	FLOAT,
	HanMucChi	FLOAT,
	HanMucTonQuy	FLOAT

	CONSTRAINT F1_GIAO_DICH_VIEN FOREIGN KEY(MaNV) REFERENCES NHAN_VIEN(MaNV)
)	

INSERT INTO GIAO_DICH_VIEN VALUES('MM000006',200.000000,200.000000,300.000000)
INSERT INTO GIAO_DICH_VIEN VALUES('MM000007',200.000000,200.000000,300.000000)
INSERT INTO GIAO_DICH_VIEN VALUES('MM000008',200.000000,200.000000,300.000000)
INSERT INTO GIAO_DICH_VIEN VALUES('MM000009',200.000000,200.000000,300.000000)
INSERT INTO GIAO_DICH_VIEN VALUES('MM000005',200.000000,200.000000,300.000000)


/*DELETE GIAO_DICH_VIEN
*/
/*===============================Tbl7.PHAN_NHOM===============================================================*/

IF EXISTS(
	SELECT NAME
	FROM SYSOBJECTS
	WHERE NAME=N'PHAN_NHOM' AND TYPE='U'
)
DROP TABLE PHAN_NHOM
GO

CREATE TABLE PHAN_NHOM
(
	MaNV	VARCHAR (10) NOT NULL,
	MaNhomNguoiDung		VARCHAR (10)	NOT NULL
		CONSTRAINT P_PHAN_NHOM PRIMARY KEY(MaNV,MaNhomNguoiDung),
		CONSTRAINT F1_PHAN_NHOM FOREIGN KEY(MaNV) REFERENCES NHAN_VIEN(MaNV),
		CONSTRAINT F2_PHAN_NHOM FOREIGN KEY(MaNhomNguoiDung) REFERENCES NHOM_NGUOI_DUNG(MaNhomNguoiDung)
)

INSERT INTO PHAN_NHOM VALUES('MM000001','PHGCC')
INSERT INTO PHAN_NHOM VALUES('MM000002','PHGCC')
INSERT INTO PHAN_NHOM VALUES('MM000003','PHGKT')
INSERT INTO PHAN_NHOM VALUES('MM000004','PHGKT')
INSERT INTO PHAN_NHOM VALUES('MM000005','PHGKT')
INSERT INTO PHAN_NHOM VALUES('MM000006','PHGKT')
INSERT INTO PHAN_NHOM VALUES('MM000007','PHGKT')
INSERT INTO PHAN_NHOM VALUES('MM000008','PHGKT')
INSERT INTO PHAN_NHOM VALUES('MM000009','PHGKT')
INSERT INTO PHAN_NHOM VALUES('MM000010','PHGTT')
INSERT INTO PHAN_NHOM VALUES('MM000011','PHGTT')

/*DELETE PHAN_NHOM*/
/*===============================Tbl7.PHAN_QUYEN===============================================================*/
IF EXISTS(
	SELECT NAME
	FROM SYSOBJECTS
	WHERE NAME=N'PHAN_QUYEN' AND TYPE='U'
)
DROP TABLE PHAN_QUYEN
GO

CREATE TABLE PHAN_QUYEN
(
	MaQuyen		VARCHAR (10)		NOT NULL,
	MaNhomNguoiDung VARCHAR (10)	NOT NULL,  
	MaNV	VARCHAR (10) NOT NULL,
	MatKhau	VARCHAR (30) NOT NULL,
	TenDangNhap	NVARCHAR (50) NOT NULL 
		CONSTRAINT P_PHAN_QUYEN PRIMARY KEY(MaQuyen,MaNhomNguoiDung),
		CONSTRAINT F_PHAN_QUYEN FOREIGN KEY(MaQuyen) REFERENCES QUYEN(MaQuyen),
		CONSTRAINT F1_PHAN_QUYEN FOREIGN KEY(MaNV) REFERENCES NHAN_VIEN(MaNV)
		
)

INSERT INTO PHAN_QUYEN VALUES('MQ001','PHGCC','MM000001','thudung','thudung')
INSERT INTO PHAN_QUYEN VALUES('MQ001','PHGKT','MM000003','thanhhai','thanhhai')
INSERT INTO PHAN_QUYEN VALUES('MQ002','PHGKT','MM000006','maingan','maingan')
INSERT INTO PHAN_QUYEN VALUES('MQ003','PHGTT','MM000011','hongnhung','hongnhung')

/*DELETE PHAN_QUYEN
*/
/*===============================Tbl8.NGAY_GIAO_DICH===============================================================*/
IF EXISTS(
	SELECT NAME
	FROM SYSOBJECTS
	WHERE NAME=N'NGAY_GIAO_DICH' AND TYPE='U'
)
DROP TABLE NGAY_GIAO_DICH
GO

CREATE TABLE NGAY_GIAO_DICH
(
	NgayGiaoDich DATETIME 	NOT NULL PRIMARY KEY,
	NgatGiaoDich BIT 
) 

INSERT INTO NGAY_GIAO_DICH VALUES('02/02/2009',0)
INSERT INTO NGAY_GIAO_DICH VALUES('03/02/2009',0)
INSERT INTO NGAY_GIAO_DICH VALUES('02/08/2009',0)
INSERT INTO NGAY_GIAO_DICH VALUES('04/02/2009',0)
INSERT INTO NGAY_GIAO_DICH VALUES('02/03/2009',0)
INSERT INTO NGAY_GIAO_DICH VALUES('02/07/2009',0)
INSERT INTO NGAY_GIAO_DICH VALUES('02/01/2009',0)
INSERT INTO NGAY_GIAO_DICH VALUES('03/03/2009',0)
/*DELETE NGAY_GIAO_DICH
*/

/*===============================Tbl9.KHACH_HANG===============================================================*/
IF EXISTS(
	SELECT NAME
	FROM SYSOBJECTS
	WHERE NAME=N'KHACH_HANG' AND TYPE='U'
)
DROP TABLE KHACH_HANG
GO

CREATE TABLE KHACH_HANG
(
	MaKH	VARCHAR (10) NOT NULL PRIMARY KEY,
	HoTen	NVARCHAR (50) NOT NULL,
	CMND	VARCHAR (9) NOT NULL,
	NgayCap DATETIME,
	NoiCap	NVARCHAR (50) NOT NULL, 
	DiaChi	NVARCHAR (50) NOT NULL,
	DienThoai	VARCHAR (12),
)

INSERT INTO KHACH_HANG VALUES('KH000001','Truong Ho Vu','351657341','12/22/2002','CA.An Giang','Phuong My Long - Lonh Xuyen','')
INSERT INTO KHACH_HANG VALUES('KH000002','Truong Ngoc Trinh','351658361','12/22/2004','CA.An Giang','TT.An Phu','0985633704')
INSERT INTO KHACH_HANG VALUES('KH000003','Duong Kim Thanh','351658371','12/24/2004','CA.An Giang','TT.An Phu','0945633702')
INSERT INTO KHACH_HANG VALUES('KH000004','Phan Hong Nhung','351658365','12/24/2006','CA.An Giang','Tri Ton','0976630315')
INSERT INTO KHACH_HANG VALUES('KH000005','Do Thi Bich Thao','351658375','12/22/2002','CA.An Giang','Cho Moi','01696540868')
INSERT INTO KHACH_HANG VALUES('KH000006','Dao Van Phung','351654341','12/22/1999','CA.An Giang','Chau Phu','0917956140')
INSERT INTO KHACH_HANG VALUES('KH000007','Nguyen Thi Anh Thu','351658378','2/03/2002','CA.An Giang','TT.An Phu','0989686936')
INSERT INTO KHACH_HANG VALUES('KH000008','Duong Thanh Trung','351658081','4/30/2000','CA.An Giang','TT.Cai Dau','0918567299')
INSERT INTO KHACH_HANG VALUES('KH000009','Phung To Loan','351658399','12/24/2002','CA.An Giang','Cho Moi','0986669202')
INSERT INTO KHACH_HANG VALUES('KH000010','Truong Dinh Vu','351656320','12/22/1996','CA.Can Tho','Phuong Long My - Can Tho','01222128881')	

/*DELETE KHACH_HANG*/

/*===============================Tbl10.DM_TAI_KHOAN===============================================================*/
IF EXISTS(
	SELECT NAME
	FROM SYSOBJECTS
	WHERE NAME=N'DM_TAI_KHOAN' AND TYPE='U'
)
DROP TABLE DM_TAI_KHOAN
GO

CREATE TABLE DM_TAI_KHOAN
(
	SoHieuTaiKhoan	VARCHAR (20) NOT NULL PRIMARY KEY,
	TenTaiKhoan	NVARCHAR (255) NOT NULL,
	TinhChatSoDu	VARCHAR (5) 
) 

INSERT INTO DM_TAI_KHOAN VALUES ('101100','Tien mat bang dong VN tai don vi','')
INSERT INTO DM_TAI_KHOAN VALUES ('103100','Tien mat ngoai te tai don vi','')
INSERT INTO DM_TAI_KHOAN VALUES ('423100','Tien gui tiet kiem khong ky han bang dong VN','')
INSERT INTO DM_TAI_KHOAN VALUES ('423200','Tien gui tiet kiem co ky han bang dong VN','')
INSERT INTO DM_TAI_KHOAN VALUES ('423201','Tien gui tiet kiem co ky han 01 thang','')
INSERT INTO DM_TAI_KHOAN VALUES ('423202','Tien gui tiet kiem co ky han 02 thang','')
INSERT INTO DM_TAI_KHOAN VALUES ('423203','Tien gui tiet kiem co ky han 03 thang','')
INSERT INTO DM_TAI_KHOAN VALUES ('423204','Tien gui tiet kiem co ky han 04 thang','')
INSERT INTO DM_TAI_KHOAN VALUES ('423205','Tien gui tiet kiem co ky han 05 thang','')
INSERT INTO DM_TAI_KHOAN VALUES ('423206','Tien gui tiet kiem co ky han 06 thang','')
INSERT INTO DM_TAI_KHOAN VALUES ('423207','Tien gui tiet kiem co ky han 07 thang','')
INSERT INTO DM_TAI_KHOAN VALUES ('423208','Tien gui tiet kiem co ky han 08 thang','')
INSERT INTO DM_TAI_KHOAN VALUES ('423209','Tien gui tiet kiem co ky han 09 thang','')
INSERT INTO DM_TAI_KHOAN VALUES ('423210','Tien gui tiet kiem co ky han 10 thang','')
INSERT INTO DM_TAI_KHOAN VALUES ('423211','Tien gui tiet kiem co ky han 11 thang','')
INSERT INTO DM_TAI_KHOAN VALUES ('423212','Tien gui tiet kiem co ky han 12 thang','')
INSERT INTO DM_TAI_KHOAN VALUES ('423213','Tien gui tiet kiem co ky han 13 thang','')
INSERT INTO DM_TAI_KHOAN VALUES ('423214','Tien gui tiet kiem co ky han 14 thang','')
INSERT INTO DM_TAI_KHOAN VALUES ('423215','Tien gui tiet kiem co ky han 15 thang','')
INSERT INTO DM_TAI_KHOAN VALUES ('423218','Tien gui tiet kiem co ky han 18 thang','')
INSERT INTO DM_TAI_KHOAN VALUES ('423224','Tien gui tiet kiem co ky han 24 thang','')
INSERT INTO DM_TAI_KHOAN VALUES ('423230','Tien gui tiet kiem co ky han 30 thang','')
INSERT INTO DM_TAI_KHOAN VALUES ('423236','Tien gui tiet kiem co ky han 36 thang','')
INSERT INTO DM_TAI_KHOAN VALUES ('424100','Tien gui tiet kiem khong ky han bang ngoai te','')
INSERT INTO DM_TAI_KHOAN VALUES ('424200','Tien gui tiet kiem co ky han bang ngoai te','')
INSERT INTO DM_TAI_KHOAN VALUES ('491300','Lai phai tra cho tien gui tiet kiem bang dong VN','')
INSERT INTO DM_TAI_KHOAN VALUES ('491400','Lai phai tra cho tien gui tiet kiem bang ngoai te','')
INSERT INTO DM_TAI_KHOAN VALUES ('388001','Chi phi lai tien gui tra truoc cho phan bo','')
INSERT INTO DM_TAI_KHOAN VALUES ('801000','Chi phi tra lai tien gui tiet kiem','')
INSERT INTO DM_TAI_KHOAN VALUES ('801000491300','Chi lai tien gui, lai nhap von khi den han','')
INSERT INTO DM_TAI_KHOAN VALUES ('388001801000','Thoai thu lai tien gui da chi do khach hang rut truoc han','')




/*DELETE DM_TAI_KHOAN
*/

/*===============================Tbl11.TAI_KHOAN===============================================================*/
IF EXISTS(
	SELECT NAME
	FROM SYSOBJECTS
	WHERE NAME=N'TAI_KHOAN' AND TYPE='U'
)
DROP TABLE TAI_KHOAN
GO

CREATE TABLE TAI_KHOAN
(
	SoHieuTaiKhoan	VARCHAR (20) NOT NULL,
	NgayCapNhat DATETIME NOT NULL,
	SoDuDauNgay FLOAT,
	SoPhatSinhNo FLOAT,
	SoPhatSinhCo FLOAT 
		CONSTRAINT P_TAI_KHOAN PRIMARY KEY(SoHieuTaiKhoan,NgayCapNhat),
		CONSTRAINT F_TAI_KHOAN FOREIGN KEY(SoHieuTaiKhoan) REFERENCES DM_TAI_KHOAN(SoHieuTaiKhoan) 
) 

INSERT INTO TAI_KHOAN VALUES ('101100','06/14/2008',0,0,0)
INSERT INTO TAI_KHOAN VALUES ('103100','06/14/2008',0,0,0)
INSERT INTO TAI_KHOAN VALUES ('423200','06/14/2008',0,0,0)
INSERT INTO TAI_KHOAN VALUES ('423201','06/14/2008',0,0,0)
INSERT INTO TAI_KHOAN VALUES ('423202','06/14/2008',0,0,0)
INSERT INTO TAI_KHOAN VALUES ('423203','06/14/2008',0,0,0)
INSERT INTO TAI_KHOAN VALUES ('423204','06/14/2008',0,0,0)
INSERT INTO TAI_KHOAN VALUES ('423205','06/14/2008',0,0,0)
INSERT INTO TAI_KHOAN VALUES ('423206','06/14/2008',0,0,0)
INSERT INTO TAI_KHOAN VALUES ('423207','06/14/2008',0,0,0)
INSERT INTO TAI_KHOAN VALUES ('423208','06/14/2008',0,0,0)
INSERT INTO TAI_KHOAN VALUES ('423209','06/14/2008',0,0,0)
INSERT INTO TAI_KHOAN VALUES ('423210','06/14/2008',0,0,0)
INSERT INTO TAI_KHOAN VALUES ('423211','06/14/2008',0,0,0)
INSERT INTO TAI_KHOAN VALUES ('423212','06/14/2008',0,0,0)
INSERT INTO TAI_KHOAN VALUES ('423213','06/14/2008',0,0,0)
INSERT INTO TAI_KHOAN VALUES ('423214','06/14/2008',0,0,0)
INSERT INTO TAI_KHOAN VALUES ('423215','06/14/2008',0,0,0)
INSERT INTO TAI_KHOAN VALUES ('423100','06/14/2008',0,0,0)
INSERT INTO TAI_KHOAN VALUES ('424100','06/14/2008',0,0,0)
INSERT INTO TAI_KHOAN VALUES ('424200','06/14/2008',0,0,0)
INSERT INTO TAI_KHOAN VALUES ('491300','06/14/2008',0,0,0)
INSERT INTO TAI_KHOAN VALUES ('491400','06/14/2008',0,0,0)
INSERT INTO TAI_KHOAN VALUES ('388001','06/14/2008',0,0,0)
INSERT INTO TAI_KHOAN VALUES ('801000','06/14/2008',0,0,0)

/*DELETE TAI_KHOAN
 */

/*===============================Tbl12.DM_LOAI_TIEN===============================================================*/
IF EXISTS(
	SELECT NAME
	FROM SYSOBJECTS
	WHERE NAME=N'DM_LOAI_TIEN' AND TYPE='U'
)
DROP TABLE DM_LOAI_TIEN
GO

CREATE TABLE DM_LOAI_TIEN
(
	MaLoaiTien	VARCHAR (10) NOT NULL PRIMARY KEY,
	LoaiTien	VARCHAR (20) NOT NULL,
) 

INSERT INTO DM_LOAI_TIEN VALUES ('0000','VND')
INSERT INTO DM_LOAI_TIEN VALUES ('0037','USD')
INSERT INTO DM_LOAI_TIEN VALUES ('0014','EUR')
INSERT INTO DM_LOAI_TIEN VALUES ('0036','HKD')

/*DELETE DM_LOAI_TIEN
*/
/*===============================Tbl13.DM_LOAI_GIAO_DICH===============================================================*/
IF EXISTS(
	SELECT NAME
	FROM SYSOBJECTS
	WHERE NAME=N'DM_LOAI_GIAO_DICH' AND TYPE='U'
)
DROP TABLE DM_LOAI_GIAO_DICH
GO

CREATE TABLE DM_LOAI_GIAO_DICH
(
	MaLoaiGiaoDich	VARCHAR (10) NOT NULL PRIMARY KEY,
	TenGiaoDich	NVARCHAR (50) NOT NULL,
) 

INSERT INTO DM_LOAI_GIAO_DICH VALUES ('GDTK0001','Mo so gui von co ky han')
INSERT INTO DM_LOAI_GIAO_DICH VALUES ('GDTK0002','Mo so gui von khong ky han')
INSERT INTO DM_LOAI_GIAO_DICH VALUES ('GDTK0003','Rut lai so co ky han')
INSERT INTO DM_LOAI_GIAO_DICH VALUES ('GDTK0004','Rut lai so khong ky han')
INSERT INTO DM_LOAI_GIAO_DICH VALUES ('GDTK0005','Rut von so khong ky han')
INSERT INTO DM_LOAI_GIAO_DICH VALUES ('GDTK0006','Tat toan so')

/*DELETE DM_LOAI_GIAO_DICH
*/

/*===============================Tbl14.DM_KY_LAI_TIET_KIEM===============================================================*/
IF EXISTS(
	SELECT NAME
	FROM SYSOBJECTS
	WHERE NAME=N'DM_KY_LAI_TIET_KIEM' AND TYPE='U'
)
DROP TABLE DM_KY_LAI_TIET_KIEM
GO

CREATE TABLE DM_KY_LAI_TIET_KIEM
(
	MaKyTinhLai	VARCHAR (10) NOT NULL PRIMARY KEY,
	LoaiKyTinhLai	NVARCHAR (50) NOT NULL,
) 

INSERT INTO DM_KY_LAI_TIET_KIEM VALUES ('KTLT0001','Hang thang')
INSERT INTO DM_KY_LAI_TIET_KIEM VALUES ('KTLQ0002','Hang quy')
INSERT INTO DM_KY_LAI_TIET_KIEM VALUES ('KTLN0003','Hang nam')

/*DELETE DM_KY_LAI_TIET_KIEM
*/
/*===============================Tbl15.LOAI_TIET_KIEM===============================================================*/
IF EXISTS(
	SELECT NAME
	FROM SYSOBJECTS
	WHERE NAME=N'LOAI_TIET_KIEM' AND TYPE='U'
)
DROP TABLE LOAI_TIET_KIEM
GO

CREATE TABLE LOAI_TIET_KIEM
(
	MaLoaiTietKiem	VARCHAR (10) NOT NULL PRIMARY KEY,
	TenLoaiTietKiem	NVARCHAR (255) NOT NULL,
	KyHan	INT,
	DangHuyDong BIT,
	MaLoaiTien	VARCHAR (10) NOT NULL,
	MaKyTinhLai	VARCHAR (10) NOT NULL,
	SoHieuTaiKhoan	VARCHAR (20) NOT NULL	
		CONSTRAINT F_LOAI_TIET_KIEM FOREIGN KEY(MaLoaiTien) REFERENCES DM_LOAI_TIEN(MaLoaiTien), 	 	
		CONSTRAINT F1_LOAI_TIET_KIEM FOREIGN KEY(MaKyTinhLai) REFERENCES DM_KY_LAI_TIET_KIEM(MaKyTinhLai), 	 	
		CONSTRAINT F2_LOAI_TIET_KIEM FOREIGN KEY(SoHieuTaiKhoan) REFERENCES DM_TAI_KHOAN(SoHieuTaiKhoan) 	 	
) 

INSERT INTO LOAI_TIET_KIEM VALUES ('TK423100','TK KKH VND tinh lai cuoi thang, nhap lai cuoi thang',0,1,'0000','KTLT0001','423100')
INSERT INTO LOAI_TIET_KIEM VALUES ('TK423201','TK CKH VND 1 thang, tra lai 1 thang, nhap lai cuoi thang',1,1,'0000','KTLT0001','423201')
INSERT INTO LOAI_TIET_KIEM VALUES ('TK423202','TK CKH VND 2 thang, tra lai 2 thang, lai tra sau',2,1,'0000','KTLT0001','423202')
INSERT INTO LOAI_TIET_KIEM VALUES ('TK423203','TK CKH VND 3 thang, tra lai 3 thang, lai tra sau',3,1,'0000','KTLT0001','423203')
INSERT INTO LOAI_TIET_KIEM VALUES ('TK423204','TK CKH VND 4 thang, tra lai 4 thang, lai tra sau',4,1,'0000','KTLT0001','423204')
INSERT INTO LOAI_TIET_KIEM VALUES ('TK423205','TK CKH VND 5 thang, tra lai 5 thang, lai tra sau',5,1,'0000','KTLT0001','423205')
INSERT INTO LOAI_TIET_KIEM VALUES ('TK423206','TK CKH VND 6 thang, tra lai 6 thang',6,1,'0000','KTLT0001','423206')
INSERT INTO LOAI_TIET_KIEM VALUES ('TK423207','TK CKH VND 7 thang, tra lai 7 thang',7,1,'0000','KTLT0001','423207')
INSERT INTO LOAI_TIET_KIEM VALUES ('TK423208','TK CKH VND 8 thang, tra lai 8 thang',8,1,'0000','KTLT0001','423208')
INSERT INTO LOAI_TIET_KIEM VALUES ('TK423209','TK CKH VND 9 thang, tra lai 9 thang',9,1,'0000','KTLT0001','423209')
INSERT INTO LOAI_TIET_KIEM VALUES ('TK423210','TK CKH VND 10 thang, tra lai 10 thang',10,1,'0000','KTLT0001','423210')
INSERT INTO LOAI_TIET_KIEM VALUES ('TK423211','TK CKH VND 11 thang, tra lai 11 thang',11,1,'0000','KTLT0001','423211')
INSERT INTO LOAI_TIET_KIEM VALUES ('TK423212','TK CKH VND 12 thang, tra lai 12 thang',12,1,'0000','KTLT0001','423212')
INSERT INTO LOAI_TIET_KIEM VALUES ('TK423213','TK CKH VND 13 thang, tra lai 13 thang',13,1,'0000','KTLT0001','423213')
INSERT INTO LOAI_TIET_KIEM VALUES ('TK423214','TK CKH VND 14 thang, tra lai 14 thang',14,1,'0000','KTLT0001','423214')
INSERT INTO LOAI_TIET_KIEM VALUES ('TK423215','TK CKH VND 15 thang, tra lai 15 thang',15,1,'0000','KTLT0001','423215')
INSERT INTO LOAI_TIET_KIEM VALUES ('TK423218','TK CKH VND 18 thang, tra lai 18 thang',18,1,'0000','KTLT0001','423218')
INSERT INTO LOAI_TIET_KIEM VALUES ('TK423224','TK CKH VND 24 thang, tra lai 24 thang',24,1,'0000','KTLT0001','423224')
INSERT INTO LOAI_TIET_KIEM VALUES ('TK423230','TK CKH VND 30 thang, tra lai 30 thang',30,1,'0000','KTLT0001','423230')
INSERT INTO LOAI_TIET_KIEM VALUES ('TK423236','TK CKH VND 36 thang, tra lai 36 thang',36,1,'0000','KTLT0001','423236')


/*DELETE LOAI_TIET_KIEM
*/

/*===============================Tbl16.SO_TIET_KIEM===============================================================*/
IF EXISTS(
	SELECT NAME
	FROM SYSOBJECTS
	WHERE NAME=N'SO_TIET_KIEM' AND TYPE='U'
)
DROP TABLE SO_TIET_KIEM
GO

CREATE TABLE SO_TIET_KIEM
(
	MaLoaiTietKiem	VARCHAR (10) NOT NULL,
	MaSoTietKiem	VARCHAR (10) NOT NULL,	
	NgayMoSo	DATETIME,
	NgayHieuLuc DATETIME,
	NgayDenHan	DATETIME,
	NgayTinhLaiGanNhat	DATETIME,
	NgayTaiKyGui	DATETIME,	
	LaiDaTra	FLOAT,
	LaiNhapVon	FLOAT,	
	NgayNhapVon	DATETIME,
	PhongToa BIT,
	NgayTatToan DATETIME,
	MaKH	VARCHAR (10) NOT NULL 

	CONSTRAINT P_SO_TIET_KIEM PRIMARY KEY(MaSoTietKiem),
	CONSTRAINT F_SO_TIET_KIEM FOREIGN KEY(MaLoaiTietKiem) REFERENCES LOAI_TIET_KIEM(MaLoaiTietKiem), 	 	
	CONSTRAINT F1_SO_TIET_KIEM FOREIGN KEY(MaKH) REFERENCES KHACH_HANG(MaKH)	 	
) 

INSERT INTO SO_TIET_KIEM VALUES ('TK423100','STK000001','02/02/2009','02/02/2009','02/20/2009','02/10/2009','',0,0,'',0,'02/20/2009','KH000001')
INSERT INTO SO_TIET_KIEM VALUES ('TK423201','STK000002','02/01/2009','02/01/2009','02/02/2009','02/02/2009','02/02/2009',0,0,'02/02/2009',0,'02/02/2009','KH000001')
INSERT INTO SO_TIET_KIEM VALUES ('TK423202','STK000003','03/02/2009','03/02/2009','05/02/2009','02/04/2009','02/04/2009',0,0,'02/04/2009',0,'02/04/2009','KH000003')
INSERT INTO SO_TIET_KIEM VALUES ('TK423204','STK000004','02/02/2009','02/02/2009','08/02/2009','02/08/2009','02/08/2009',0,0,'02/08/2009',0,'02/08/2009','KH000002')
INSERT INTO SO_TIET_KIEM VALUES ('TK423203','STK000005','02/03/2009','02/03/2009','05/03/2009','10/05/2009','02/05/2009',0,0,'02/05/2009',0,'02/05/2009','KH000004')

INSERT INTO SO_TIET_KIEM VALUES ('TK423203','STK000006','02/03/2009','02/03/2009','05/03/2009','','',0,0,'',0,'','KH000005')
INSERT INTO SO_TIET_KIEM VALUES ('TK423201','STK000007','02/08/2009','02/08/2009','03/08/2009','','',0,0,'',0,'','KH000006')
INSERT INTO SO_TIET_KIEM VALUES ('TK423100','STK000008','02/07/2009','02/07/2009','05/08/2009','','',0,0,'',0,'','KH000007')
INSERT INTO SO_TIET_KIEM VALUES ('TK423100','STK000009','02/01/2009','02/01/2009','05/08/2009','','',0,0,'',0,'','KH000008')
INSERT INTO SO_TIET_KIEM VALUES ('TK423206','STK000010','02/02/2009','02/02/2009','02/02/2010','','',0,0,'',0,'','KH000009')
INSERT INTO SO_TIET_KIEM VALUES ('TK423206','STK000011','03/03/2009','03/03/2009','03/03/2010','','',0,0,'',0,'','KH000010')
INSERT INTO SO_TIET_KIEM VALUES ('TK423205','STK000012','02/03/2009','02/03/2009','10/03/2009','','',0,0,'',0,'','KH000002')



/*DELETE SO_TIET_KIEM
*/

/*===============================Tbl17.LAI_SUAT_TIET_KIEM===============================================================*/
IF EXISTS(
	SELECT NAME
	FROM SYSOBJECTS
	WHERE NAME=N'LAI_SUAT_TIET_KIEM' AND TYPE='U'
)
DROP TABLE LAI_SUAT_TIET_KIEM
GO

CREATE TABLE LAI_SUAT_TIET_KIEM
(
	MaLoaiTietKiem	VARCHAR (10) NOT NULL,
	Ngay	DATETIME NOT NULL,
	MucLaiSuat	FLOAT
		CONSTRAINT P_LAI_SUAT_TIET_KIEM PRIMARY KEY(MaLoaiTietKiem,Ngay),
		CONSTRAINT F1_LAI_SUAT_TIET_KIEM FOREIGN KEY(MaLoaiTietKiem) REFERENCES LOAI_TIET_KIEM(MaLoaiTietKiem) 	 	
) 

INSERT INTO LAI_SUAT_TIET_KIEM VALUES ('TK423100','12/22/2008',0.400)
INSERT INTO LAI_SUAT_TIET_KIEM VALUES ('TK423201','12/22/2008',1.470)
INSERT INTO LAI_SUAT_TIET_KIEM VALUES ('TK423202','12/22/2008',1.475)
INSERT INTO LAI_SUAT_TIET_KIEM VALUES ('TK423203','12/22/2008',1.480)
INSERT INTO LAI_SUAT_TIET_KIEM VALUES ('TK423204','12/22/2008',1.480)
INSERT INTO LAI_SUAT_TIET_KIEM VALUES ('TK423205','12/22/2008',1.480)
INSERT INTO LAI_SUAT_TIET_KIEM VALUES ('TK423206','12/22/2008',1.480)
INSERT INTO LAI_SUAT_TIET_KIEM VALUES ('TK423207','12/22/2008',1.460)
INSERT INTO LAI_SUAT_TIET_KIEM VALUES ('TK423208','12/22/2008',1.460)
INSERT INTO LAI_SUAT_TIET_KIEM VALUES ('TK423209','12/22/2008',1.460)
INSERT INTO LAI_SUAT_TIET_KIEM VALUES ('TK423210','12/22/2008',1.460)
INSERT INTO LAI_SUAT_TIET_KIEM VALUES ('TK423211','12/22/2008',1.460)
INSERT INTO LAI_SUAT_TIET_KIEM VALUES ('TK423212','12/22/2008',1.460)
INSERT INTO LAI_SUAT_TIET_KIEM VALUES ('TK423213','12/22/2008',1.350)
INSERT INTO LAI_SUAT_TIET_KIEM VALUES ('TK423214','12/22/2008',1.350)
INSERT INTO LAI_SUAT_TIET_KIEM VALUES ('TK423215','12/22/2008',1.300)
INSERT INTO LAI_SUAT_TIET_KIEM VALUES ('TK423218','12/22/2008',1.300)
INSERT INTO LAI_SUAT_TIET_KIEM VALUES ('TK423224','12/22/2008',1.300)
INSERT INTO LAI_SUAT_TIET_KIEM VALUES ('TK423230','12/22/2008',1.300)
INSERT INTO LAI_SUAT_TIET_KIEM VALUES ('TK423236','12/22/2008',1.460)



/*DELETE LAI_SUAT_TIET_KIEM

*/

/*===============================Tbl18.SO_DU_TIET_KIEM===============================================================*/
IF EXISTS(
	SELECT NAME
	FROM SYSOBJECTS
	WHERE NAME=N'SO_DU_TIET_KIEM' AND TYPE='U'
)
DROP TABLE SO_DU_TIET_KIEM
GO

CREATE TABLE SO_DU_TIET_KIEM
(
	MaLoaiTietKiem	VARCHAR (10) NOT NULL,
	MaSoTietKiem	VARCHAR (10) NOT NULL,
	NgayCapNhat	DATETIME NOT NULL,
	SoDu	FLOAT
		CONSTRAINT P_SO_DU_TIET_KIEM PRIMARY KEY(MaLoaiTietKiem,MaSoTietKiem,NgayCapNhat),
		CONSTRAINT F1_SO_DU_TIET_KIEM FOREIGN KEY(MaSoTietKiem) REFERENCES SO_TIET_KIEM(MaSoTietKiem), 	 	 	 	
		CONSTRAINT F2_SO_DU_TIET_KIEM FOREIGN KEY(MaLoaiTietKiem) REFERENCES LOAI_TIET_KIEM(MaLoaiTietKiem) 	 	 	 	
) 

INSERT INTO SO_DU_TIET_KIEM VALUES ('TK423100','STK000001','02/01/2009',30000000)
INSERT INTO SO_DU_TIET_KIEM VALUES ('TK423201','STK000002','02/03/2009',200000000000)
INSERT INTO SO_DU_TIET_KIEM VALUES ('TK423202','STK000003','03/03/2009',40000000)
INSERT INTO SO_DU_TIET_KIEM VALUES ('TK423203','STK000004','03/04/2009',500000000)
INSERT INTO SO_DU_TIET_KIEM VALUES ('TK423204','STK000005','03/05/2009',6000000000)

INSERT INTO SO_DU_TIET_KIEM VALUES ('TK423203','STK000006','02/03/2009',6000000)
INSERT INTO SO_DU_TIET_KIEM VALUES ('TK423201','STK000007','02/08/2009',90000000)
INSERT INTO SO_DU_TIET_KIEM VALUES ('TK423100','STK000008','02/07/2009',12000000)
INSERT INTO SO_DU_TIET_KIEM VALUES ('TK423100','STK000009','02/01/2009',76000000)
INSERT INTO SO_DU_TIET_KIEM VALUES ('TK423206','STK000010','02/02/2009',150000000)
INSERT INTO SO_DU_TIET_KIEM VALUES ('TK423206','STK000011','03/03/2009',560000000)
INSERT INTO SO_DU_TIET_KIEM VALUES ('TK423205','STK000012','02/03/2009',720000000)

/*DELETE SO_DU_TIET_KIEM

*/

/*===============================Tbl19.PS_TIET_KIEM===============================================================*/
IF EXISTS(
	SELECT NAME
	FROM SYSOBJECTS
	WHERE NAME=N'PS_TIET_KIEM' AND TYPE='U'
)
DROP TABLE PS_TIET_KIEM
GO

CREATE TABLE PS_TIET_KIEM
(
	SoButToan	VARCHAR (10) NOT NULL,
	NgayGiaoDich		DATETIME NOT NULL,
	DaDuyet	BIT,
	MaSoTietKiem	VARCHAR (10) NOT NULL,
	MaLoaiGiaoDich	VARCHAR (10) NOT NULL,
	MaQuayGiaoDich	VARCHAR (10) NOT NULL,
	MaPhongGiaoDich	VARCHAR (10) NOT NULL,
	MaNV	VARCHAR (10) NOT NULL	
	
		CONSTRAINT P_PS_TIET_KIEM PRIMARY KEY(SoButToan,NgayGiaoDich),
		CONSTRAINT F1_PS_TIET_KIEM FOREIGN KEY(MaLoaiGiaoDich) REFERENCES DM_LOAI_GIAO_DICH(MaLoaiGiaoDich),
		CONSTRAINT F2_PS_TIET_KIEM FOREIGN KEY(MaSoTietKiem) REFERENCES SO_TIET_KIEM(MaSoTietKiem),
		CONSTRAINT F3_PS_TIET_KIEM FOREIGN KEY(MaQuayGiaoDich) REFERENCES QUAY_GIAO_DICH(MaQuayGiaoDich),
		CONSTRAINT F4_PS_TIET_KIEM FOREIGN KEY(MaPhongGiaoDich) REFERENCES PHONG_GIAO_DICH(MaPhongGiaoDich),
		CONSTRAINT F5_PS_TIET_KIEM FOREIGN KEY(MaNV) REFERENCES GIAO_DICH_VIEN(MaNV),
		CONSTRAINT F6_PS_TIET_KIEM FOREIGN KEY(NgayGiaoDich) REFERENCES NGAY_GIAO_DICH(NgayGiaoDich) 	 	 	 	 	 	 	 	 	 	 	 	 	 	 	 	
) 

INSERT INTO PS_TIET_KIEM VALUES ('BT000002','02/02/2009',1,'STK000001','GDTK0001','MQLX2','PGDLX','MM000006')
INSERT INTO PS_TIET_KIEM VALUES ('BT000001','02/01/2009',1,'STK000002','GDTK0003','MQLX1','PGDLX','MM000007')
INSERT INTO PS_TIET_KIEM VALUES ('BT000003','03/02/2009',1,'STK000003','GDTK0002','MQLX3','PGDLX','MM000008')
INSERT INTO PS_TIET_KIEM VALUES ('BT000004','02/02/2009',1,'STK000004','GDTK0004','MQLX4','PGDCD','MM000009')
INSERT INTO PS_TIET_KIEM VALUES ('BT000005','02/03/2009',1,'STK000005','GDTK0005','MQAP1','PGDAP','MM000005')

INSERT INTO PS_TIET_KIEM VALUES ('BT000006','02/03/2009',1,'STK000006','GDTK0005','MQAP1','PGDAP','MM000005')
INSERT INTO PS_TIET_KIEM VALUES ('BT000007','02/08/2009',1,'STK000007','GDTK0005','MQAP1','PGDAP','MM000007')
INSERT INTO PS_TIET_KIEM VALUES ('BT000008','02/07/2009',1,'STK000008','GDTK0005','MQAP1','PGDAP','MM000005')
INSERT INTO PS_TIET_KIEM VALUES ('BT000009','02/01/2009',1,'STK000009','GDTK0005','MQAP1','PGDAP','MM000006')
INSERT INTO PS_TIET_KIEM VALUES ('BT000010','02/02/2009',1,'STK000010','GDTK0005','MQAP1','PGDAP','MM000005')
INSERT INTO PS_TIET_KIEM VALUES ('BT000011','03/03/2009',1,'STK000011','GDTK0005','MQAP1','PGDAP','MM000009')
INSERT INTO PS_TIET_KIEM VALUES ('BT000012','02/03/2009',1,'STK000012','GDTK0005','MQAP1','PGDAP','MM000005')



/*DELETE PS_TIET_KIEM

*/

/*===============================Tbl20.CHI_TIET_PSGD===============================================================*/
IF EXISTS(
	SELECT NAME
	FROM SYSOBJECTS
	WHERE NAME=N'CHI_TIET_PSGD' AND TYPE='U'
)
DROP TABLE CHI_TIET_PSGD
GO

CREATE TABLE CHI_TIET_PSGD
(
	SoGiaoDich	VARCHAR (10) NOT NULL,
	SoButToan	VARCHAR (10) NOT NULL,
	NgayGiaoDich		DATETIME NOT NULL,
	SoHieuTaiKhoanNo	VARCHAR (20) NOT NULL,
	SoHieuTaiKhoanCo	VARCHAR (20) NOT NULL,
	SoTien	FLOAT,

	CONSTRAINT P_CHI_TIET_PSGD PRIMARY KEY(SoGiaoDich,SoButToan,NgayGiaoDich),
	CONSTRAINT F2_CHI_TIET_PSGD FOREIGN KEY(SoButToan,NgayGiaoDich) REFERENCES PS_TIET_KIEM (SoButToan,NgayGiaoDich), 	 	
	CONSTRAINT F3_CHI_TIET_PSGD FOREIGN KEY(SoHieuTaiKhoanNo) REFERENCES DM_TAI_KHOAN (SoHieuTaiKhoan),
	CONSTRAINT F4_CHI_TIET_PSGD FOREIGN KEY(SoHieuTaiKhoanCo) REFERENCES DM_TAI_KHOAN (SoHieuTaiKhoan)
) 

INSERT INTO CHI_TIET_PSGD VALUES ('GDPS0001','BT000001','02/01/2009','423100','423100',200000000000)
INSERT INTO CHI_TIET_PSGD VALUES ('GDPS0002','BT000002','02/02/2009','101100','101100',30000000)
INSERT INTO CHI_TIET_PSGD VALUES ('GDPS0003','BT000003','03/02/2009','103100','103100',40000000)
INSERT INTO CHI_TIET_PSGD VALUES ('GDPS0004','BT000004','02/02/2009','423200','423200',500000000)
INSERT INTO CHI_TIET_PSGD VALUES ('GDPS0005','BT000005','02/03/2009','801000','801000',6000000000)

INSERT INTO CHI_TIET_PSGD VALUES ('GDPS0006','BT000006','02/03/2009','801000','801000',6000000)
INSERT INTO CHI_TIET_PSGD VALUES ('GDPS0007','BT000007','02/08/2009','801000','801000',90000000)
INSERT INTO CHI_TIET_PSGD VALUES ('GDPS0008','BT000008','02/07/2009','801000','801000',12000000)
INSERT INTO CHI_TIET_PSGD VALUES ('GDPS0009','BT000009','02/01/2009','801000','801000',76000000)
INSERT INTO CHI_TIET_PSGD VALUES ('GDPS0010','BT000010','02/02/2009','801000','801000',150000000)
INSERT INTO CHI_TIET_PSGD VALUES ('GDPS0011','BT000011','03/03/2009','801000','801000',560000000)
INSERT INTO CHI_TIET_PSGD VALUES ('GDPS0012','BT000012','02/03/2009','801000','801000',720000000)

/*
INSERT INTO CHI_TIET_PSGD VALUES ('GDPS0001','BT000001','02/08/2009','101100','423100',200000000000) /*hach toan thu tien gui kkh*/
INSERT INTO CHI_TIET_PSGD VALUES ('GDPS0001','BT000001','03/09/2009','423100','101100',200000000000) /*hach toan chi tien gui kkh*/
INSERT INTO CHI_TIET_PSGD VALUES ('GDPS0002','BT000002','03/02/2009','101100','423201',30000000) /*hach toan thu tien gui ckh*/
INSERT INTO CHI_TIET_PSGD VALUES ('GDPS0002','BT000002','04/03/2009','423201','101100',30000000) /*hach toan chi tien gui ckh*/

INSERT INTO CHI_TIET_PSGD VALUES ('GDPS0012','BT000012','04/03/2009','801000','491300',30000) /*hach toan du chi lai tien gui ckh*/
INSERT INTO CHI_TIET_PSGD VALUES ('GDPS0022','BT000022','04/03/2009','801000491300','101100',120000) /*hach toan chi lai tien gui,lai nhap von khi den han*/
INSERT INTO CHI_TIET_PSGD VALUES ('GDPS0012','BT000012','03/02/2009','388001','423200',30000) /*chi tra lai truoc tien gui tiet kiem ckh*/
INSERT INTO CHI_TIET_PSGD VALUES ('GDPS0012','BT000012','04/02/2009','801000','388001',30000) /*phan bo lai tra truoc*/
INSERT INTO CHI_TIET_PSGD VALUES ('GDPS0012','BT000022','03/02/2009','101100','801000',30000) /*thoai thu lai tien gui da chi do khach hang rut truoc han doi voi lai hang thang, lai quy*/
INSERT INTO CHI_TIET_PSGD VALUES ('GDPS0012','BT000023','03/02/2009','101100','388001801000',30000) /*thoai thu lai tien gui da chi do khach hang rut truoc han doi voi lai tra truoc*/


INSERT INTO CHI_TIET_PSGD VALUES ('GDPS0003','BT000003','04/02/2009','101100','423202',40000000)
INSERT INTO CHI_TIET_PSGD VALUES ('GDPS0004','BT000004','05/02/2009','101100','423203',500000000)
INSERT INTO CHI_TIET_PSGD VALUES ('GDPS0005','BT000005','02/03/2009','801000','801000',6000000000)
*/
/*===============================Tbl19.PS_TIET_KIEM===============================================================*/

CREATE TABLE QUYDINH
(
	TenNH	NVARCHAR (100),
	DiaNH	NVARCHAR (100)
)
INSERT INTO QUYDINH VALUES('NGAN HANG TMCP MY XUYEN - CN LONG XUYEN ', '248 Tran Hung Dao - TP.Long Xuyen - An Giang')
--INSERT INTO QUYDINH VALUES('NGAN HANG TMCP MY XUYEN - PGD MY BINH ', '86 Tran Hung Dao, Phuong My Binh - TP.LongXuyen- An Giang')
--INSERT INTO QUYDINH VALUES('NGAN HANG TMCP MY XUYEN - PGD CHAU PHU ', 'QL 91, To 3, Ap Binh Hoa, TT.Cai Dau - Huyen Chau Phu- An Giang')

/*DELETE CHI_TIET_PSGD

*/	


	
	